:020000040800F2
:10000000002000201D530008214D0008254D000848
:1000100000000000000000000000000000000000E0
:10002000000000000000000000000000294D000852
:1000300000000000000000002D4D0008314D0008B8
:100040006D5300086D5300086D5300086D53000890
:100050006D5300086D5300086D5300086D53000880
:100060006D5300086D5300086D5300086D53000870
:100070006D5300086D530008000000006D53000828
:1000800000000000394D00080000000000000000E2
:100090006D530008000000006D5300086D53000808
:1000A0006D5300086D5300086D5300086D53000830
:1000B0006D5300086D5300086D5300086D53000820
:1000C00010B5064C2378002B07D1054B002B02D02E
:1000D000044800E000BF0123237010BDEC010020A4
:1000E0000000000024BF0008044B10B5002B03D013
:1000F0000349044800E000BF10BDC04600000000F6
:10010000F001002024BF00080023C25C0133002A54
:10011000FBD1581E7047000002B4714649084900DF
:10012000095C49008E4402BC7047C04603B4714666
:10013000490840004900095E49008E4403BC7047ED
:10014000002243088B4274D303098B425FD3030A16
:100150008B4244D3030B8B4228D3030C8B420DD329
:10016000FF22090212BA030C8B4202D312120902B7
:1001700065D0030B8B4219D300E0090AC30B8B42F5
:1001800001D3CB03C01A5241830B8B4201D38B03A3
:10019000C01A5241430B8B4201D34B03C01A524148
:1001A000030B8B4201D30B03C01A5241C30A8B428B
:1001B00001D3CB02C01A5241830A8B4201D38B0276
:1001C000C01A5241430A8B4201D34B02C01A52411A
:1001D000030A8B4201D30B02C01A5241CDD2C3098C
:1001E0008B4201D3CB01C01A524183098B4201D308
:1001F0008B01C01A524143098B4201D34B01C01AF3
:10020000524103098B4201D30B01C01A5241C3086A
:100210008B4201D3CB00C01A524183088B4201D3D9
:100220008B00C01A524143088B4201D34B00C01AC5
:100230005241411A00D20146524110467047FFE731
:1002400001B5002000F0F0F802BDC0460029F7D04B
:1002500076E7704703460B437FD4002243088B4266
:1002600074D303098B425FD3030A8B4244D3030B3D
:100270008B4228D3030C8B420DD3FF22090212BA02
:10028000030C8B4202D31212090265D0030B8B427E
:1002900019D300E0090AC30B8B4201D3CB03C01A68
:1002A0005241830B8B4201D38B03C01A5241430B43
:1002B0008B4201D34B03C01A5241030B8B4201D333
:1002C0000B03C01A5241C30A8B4201D3CB02C01A9E
:1002D0005241830A8B4201D38B02C01A5241430A16
:1002E0008B4201D34B02C01A5241030A8B4201D305
:1002F0000B02C01A5241CDD2C3098B4201D3CB01AC
:10030000C01A524183098B4201D38B01C01A52415A
:1003100043098B4201D34B01C01A524103098B425E
:1003200001D30B01C01A5241C3088B4201D3CB0049
:10033000C01A524183088B4201D38B00C01A52412C
:1003400043088B4201D34B00C01A5241411A00D2DC
:1003500001465241104670475DE0CA0F00D0494245
:10036000031000D34042534000229C4603098B42B5
:100370002DD3030A8B4212D3FC22890112BA030A3D
:100380008B420CD3890192118B4208D389019211BF
:100390008B4204D389013AD0921100E08909C30944
:1003A0008B4201D3CB01C01A524183098B4201D346
:1003B0008B01C01A524143098B4201D34B01C01A31
:1003C000524103098B4201D30B01C01A5241C308A9
:1003D0008B4201D3CB00C01A524183088B4201D318
:1003E0008B00C01A5241D9D243088B4201D34B0033
:1003F000C01A5241411A00D20146634652415B1075
:10040000104601D34042002B00D549427047634655
:100410005B1000D3404201B5002000F005F802BD9A
:100420000029F8D016E770477047C0468446100090
:1004300062468C461900634600E0C0461FB502F0D4
:10044000D3F9002801D40021C8421FBD10B502F025
:1004500017F94042013010BD10B502F0C5F900286F
:1004600001DB002010BD012010BDC04610B502F018
:10047000BBF9002801DD002010BD012010BDC046E1
:1004800010B502F041F9002801DC002010BD012068
:1004900010BDC04610B502F037F9002801DA00207F
:1004A00010BD012010BDC046844608006146FFE72C
:1004B0001FB500F04BFD002801D40021C8421FBD2C
:1004C00010B500F0D3FC4042013010BD10B500F073
:1004D0003DFD002801DB002010BD012010BDC046FD
:1004E00010B500F033FD002801DD002010BD012013
:1004F00010BDC04610B500F0E1FC002801DC002072
:1005000010BD012010BDC04610B500F0D7FC00287A
:1005100001DA002010BD012010BDC046002B11D112
:10052000002A0FD1002900D1002802D00021C943A0
:10053000080007B4024802A14018029003BDC0465B
:10054000E9FEFFFF03B4684601B5029800F0BAF86F
:10055000019B9E4602B00CBC7047C046F0B5CE462B
:100560009946030C9C46130447461B0C1D000E00C5
:1005700061460404240C80B50700100C4B4365430E
:10058000414360432C0CC01824188C46A34203D965
:1005900080235B029846C444494679435643230C62
:1005A0002D042D0C8919634424046019C918C0BC9A
:1005B000B946B046F0BDC0469E2110B5C905041C21
:1005C000FFF7A2FF002803D1201C01F0C5F810BDE1
:1005D0009E21201CC90500F05BFE01F0BDF88023C0
:1005E0001B069C466044F2E770B500220C4B0400E9
:1005F0000D00FFF74FFF002804D12000290003F071
:1006000073F870BD064B00222000290002F040FC68
:1006100003F06AF880231B069C466044F1E7C0465D
:100620000000E04170B50022002304000D00FFF738
:1006300013FF002808D12000290000F00FF8020065
:100640000B001000190070BD80231B06E918200064
:1006500000F004F8002342428B41F2E770B500221B
:100660000B4B0D00040002F02DF9FFF7BDFF060053
:1006700003F0A4F80022074B02F024F902000B005B
:100680002000290002F004FCFFF7AEFF310070BD2E
:100690000000F03D0000F04170B50600080003F0D6
:1006A0005FF80022064B02F00DF90D000400300047
:1006B00003F084F82B00220001F004F970BDC0465D
:1006C0000000F041F0B557464E464546DE46E0B5DF
:1006D00004000D009246994683B08B4230D82DD04D
:1006E0004946504603F076F929000600200003F041
:1006F00071F9331A9846203B34D49B4653465A46E8
:10070000934042461F00534693401E00AF423BD8E1
:10071000AF4200D179E05B46A41BBD41002B00DA5B
:1007200076E0002200230092019301235A46934071
:100730000193012342469340009329E08242CFD99E
:1007400000220023009201930C9B002B01D01C601F
:100750005D600098019903B0F0BCBB46B246A94663
:10076000A046F0BD42469B4620239B1A5246DA40E3
:10077000414613004A468A40170042461F435346EB
:1007800093401E00AF42C3D9002200230092019380
:100790004346002BD8D0FB0772081A4346467B0815
:1007A0000EE0AB4201D1A2420CD8A41A9D41012017
:1007B00024196D410021013E24184D41002E06D020
:1007C000AB42EED9013E24196D41002EF8D10098BC
:1007D00001995B4600196941002B24DB2B005A4626
:1007E0004446D3402A00E2401C005B461500002B23
:1007F0002ADB26009E40330026004746BE403200DA
:10080000801A9941009001919EE7A342BCD882E7EB
:100810004246202300219B1A0022009101920122CE
:10082000DA40019285E7424620239B1A2A00464679
:100830009A402300F340444613432A00E2401C0040
:100840005B461500002BD4DA42462F0020232600F9
:1008500097409B1ADE403B003343CDE7F8B54B028F
:100860005A0A94464A00C90FCE4647468946450073
:1008700046022D0E120E80B59909770AC40FB609EB
:10088000AB1A4C4520D0002B0CDD002A34D10029B6
:100890002AD05A1E012B00D18FE0FF2B00D1CDE0D2
:1008A00013002FE0002B60D0531B002D00D0EEE092
:1008B000002E00D13EE15C1E012B00D16BE1FF2B2D
:1008C00000D1B9E02300E7E0002B00DCA4E0002A1F
:1008D00069D0FF2D00D1B1E08022D20411431B2B3F
:1008E00000DCE9E02B000536F708FF2B00D1A5E07E
:1008F0007A02520AD8B230E0FF2D00D19EE0802269
:10090000D204114301201B2B08DC08002022D84010
:10091000D31A99400B005A1E93411843361A73019B
:1009200000D471E0B601B709380003F035F83B0098
:100930000538834085424DDDB44E2D1A1E405A07BE
:1009400068D00F221340042B64D00436730161D5A4
:10095000681CFE2D54D1FF200022C0051043E4077F
:100960002043C0BCB946B046F8BDFE229046681C84
:100970000200404610426BD1002D00D0DDE0002E79
:1009800000D102E10029B3D08022771AD2041742A5
:1009900000D136E14C468E1B61D00120164230D189
:1009A0000023F708A4E700299ED05A1E012B00D18E
:1009B000CAE0FF2B42D0130091E7711A4B0100D41B
:1009C000D1E08F01BF09380002F0E6FF3B00053897
:1009D000834001252022401B0130121A1E00934043
:1009E000C6405A1E93411E4339D0730700D11BE104
:1009F0000F2300253340042BA7D1012072017CD5A1
:100A0000C0B2B201520AA8E7730703D00F233340E4
:100A1000042B9AD12B0067E7002B23D0531B002D0A
:100A20007BD1002E00D186E05D1E012B00D18BE032
:100A3000FF2B02D02B0075E04C466746002F00D1FB
:100A400089E78022D2033A435202FF20520A84E708
:100A5000771A7B016BD4002F00D065E700240020BB
:100A600000227AE7FE226B1C1A4249D1002D00D0E9
:100A70009FE0002E00D1BAE0002900D1CFE072182B
:100A8000530100D4CDE092010120520A65E7FF2A0C
:100A9000D2D08020C004064301201B2B08DC30008C
:100AA0002024D840E31A9E4033005C1EA341184323
:100AB0004C4615000E1A32E708002022D840D31AFF
:100AC00099400B005A1E93410343F61873019BD5BE
:100AD0000135FF2D00D13EE701234D497208334017
:100AE0000A401A431600530704D00F231340042B67
:100AF00000D02AE7730100D52AE72B00F708F7E6B4
:100B0000FF2B00D127E7711849084A072FD00F2281
:100B10000A40042A2BD00E1DE6E6FF2A8DD0802045
:100B2000C00406431B2B24DD13004E1DDCE64C469F
:100B30008F1BF9E64C460E00D6E6002E49D100295F
:100B400068D067464C467CE77018430174D530493D
:100B500040080140430709D00F230340042B05D070
:100B600002230E1DC0E60123CF08C1E60223CF08F1
:100B7000BEE620253000D840EB1A9E4033005D1EB3
:100B8000AB41034315005E18A0E7002900D165E7DB
:100B90004C466746ACE68F1B7B012ED5BF01BF09D3
:100BA000380002F0F9FE3B00053883404C46013521
:100BB00010E7002E00D140E7002900D141E7802353
:100BC000DB039F4200D23CE79C4500D339E76746F0
:100BD00037E7002900D134E78023DB039F4200D2AE
:100BE0002FE79C4500D32CE74C46674629E70029B0
:100BF00000D134E70023CF087AE64C460123FF08F2
:100C000076E6002F00D129E7FF0871E6FFFFFFFB22
:100C1000FFFFFF7D80220024FF20D2039DE60023FA
:100C200066E60023D70863E60120720100D5E7E6F7
:100C300031000023CF085BE60123C70858E6C04611
:100C4000F0B546464F46D6464502C0B5C30F4700ED
:100C500098460E1C6D0A3F0E5BD0FF2F21D08023DB
:100C6000ED00DB041D43002399469A467F3F740242
:100C70007300640A1B0EF60F002B20D0FF2B43D00D
:100C800080220020E400D20414437F3B4246FF1A36
:100C90004B4672400F2B00D99DE071499B00CB5809
:100CA0009F46002D5AD108239946063B74029A4666
:100CB0007300FF27640A1B0EF60F002BDED1002CF9
:100CC0003BD1012342464946724019430E2918D8A8
:100CD0006448890041588F465346022B00D1B8E042
:100CE000032B6ED042462C00012B40D10020002463
:100CF000C0052043D2071043E0BCBA46B146A8461F
:100D0000F0BDFF200024F3E7002C20D10223FF3F99
:100D1000D8E7002D05D104239946033B00279A46C6
:100D2000A5E7280002F038FE7627431F9D400023E8
:100D30007F4299469A463F1A99E7200002F02CFE1E
:100D4000431F9C4076235B421B1A00209EE703232F
:100D50004A461A4391460320FC3397E70C239946F1
:100D6000093BFF279A4682E703282CD0320038003F
:100D70007F30002847DD630704D00F232340042B76
:100D800000D00434230103D53800374B80301C4099
:100D9000FE28B6DCA401640AC0B2A9E780240022C0
:100DA000FF20E403A4E78023DB031D4201D01C42A3
:100DB0000BD08024E4032C4364024246FF20640AE3
:100DC00096E746462C008023DB031C436402320076
:100DD000FF20640A8CE76D01600185422DD21B2340
:100DE0000024013F0126290064006D00002901DB79
:100DF000854201D32D1A3443013B002BF3D16B1EE6
:100E00009D412C43B3E701231B1A1B2B00DD6DE72B
:100E100021009E37D940BC400B00611E8C4123430A
:100E2000590704D00F211940042900D00433590177
:100E300013D49B0100205C0A5AE71A2301242D1ABF
:100E4000D0E7981E43425841404232000024C0B2CD
:100E50004EE74246FF2000244AE70120002447E7EE
:100E600040BF000880BF0008FFFFFFF770B54200D9
:100E70004E024C0045026D0A120EC30F760A240E74
:100E8000C90FFF2A10D0FF2C0CD00120A2420AD19A
:100E9000B54208D18B420FD0002A04D12800431E4E
:100EA000984100E0012070BD0120FF2CFBD13543AB
:100EB000F9D14B401800F6E70020F4E730B54200C6
:100EC00044024D02C30F4800640A120E6D0A000E60
:100ED000C90FFF2A18D0FF280AD0002A1ED10028E7
:100EE0000AD1002D29D0002C2DD14800013830BD69
:100EF000002D25D1002A01D1002CF6D08B4219D02B
:100F000001205B421843F2E7002C19D1FF28F7D1EA
:100F1000002D15D100208B42F2D1E8E70028EFD058
:100F20008B42EDD18242EBDC04DBAC42E8D80020FE
:100F3000AC42DCD258000138D9E7002CD7D0DFE72B
:100F400002204042D3E78B42DAD1EEE730B54200CF
:100F500044024D02C30F4800640A120E6D0A000ECF
:100F6000C90FFF2A17D0FF280AD0002A1BD100285A
:100F70000AD1002D1DD0002C2DD14800013811E0E0
:100F8000002D0ED1002A01D1002CF6D08B420CD1BD
:100F90005800013806E0002C03D1FF2805D1002DB0
:100FA00015D0022030BD002806D101205B42184335
:100FB000F8E7002CF6D0F8E78B42F6D18242F4DC59
:100FC000E6DBAC42F1D80020AC42EBD2E0E70020F7
:100FD0008B42EAD1E6E78B42E7D1F2E7F0B54F4624
:100FE0004646D6464400C0B546020F1C760A240E7B
:100FF000C50F002C00D1DAE0FF2C74D08023F6005E
:10100000DB041E43002399469A467F3C7B025B0A21
:1010100098467B001B0EFF0F002B74D0FF2B00D1D6
:101020008EE042468021D200C90411437F3B2A0052
:10103000E4184B467A408846D2B20A2B75DC4B4600
:101040000020022B0FDD494601238B40A621C90059
:101050000B4269D1902189000B4200D000E1882128
:10106000194200D0F5E041460904090C4346080046
:10107000350C36041B0C360C704369435E435D43EC
:101080007618030C9B19994203D9802149028C469A
:10109000654400041904000C09188E01701E864175
:1010A0001B0C890E5B190E439B011E431B016CD464
:1010B00023007F33002B00DCB1E0150071070BD05B
:1010C0000F2021003040042806D00436320103D519
:1010D0006E4B1E400B008033FE2B00DDBDE0B201E5
:1010E000520ADBB248E0002E00D092E00823994675
:1010F000063B9A467B025B0A98467B00FF241B0E48
:10110000FF0F002B8AD14246002A64D149460132A2
:10111000114389460A2908DC7D400120EAB20229F0
:1011200091DC1500002227E015005346022B00D168
:1011300093E0032B1AD0012B2CD1002300221BE0BB
:101140004346FF34002B55D003214B460B43190077
:101150000A2B00DC92E00F2B00D08CE08022D2031F
:10116000164203D04346134200D17DE08022D203D1
:1011700032435202520AFF23D805ED071043284399
:10118000E0BCBA46B146A846F0BD0123150071087F
:101190001E400E4323008033611C002B41DD72078B
:1011A00094D00F223240042A00D08EE78EE7002E22
:1011B00005D104239946033B00249A4626E73000D4
:1011C00002F0EAFB7624431F9E40002364429946C6
:1011D0009A46241A1AE7404602F0DEFB4B46241AD0
:1011E000763C0A2BA1DC4346053883407D40984677
:1011F000EAB224E74A46023313432A007A40D2B2C5
:101200000A2B92DC49461500002926D09946022077
:1012100019E70C239946093BFF249A46F6E6150088
:1012200021000122D31A1B2B00DD86E79E313200FC
:101230008E40DA40731E9E413243530704D00F2381
:101240001340042B00D00432530110D50123002297
:1012500092E73D004646824667E7FF2300228BE780
:1012600080220025D20386E73D001A4383E79201DE
:101270000023520A80E73D00464677E72A00012313
:101280007A408B400320D2B2E9E6C046FFFFFFF769
:10129000F8B54746CE46430280B55F0A9B09450034
:1012A0004A009C464B02C40FCE0F2D0E580A120E58
:1012B0009909FF2A6BD001235E40AB1AB4424BD090
:1012C000002B00DCFFE0002A00D188E0FF2D00D1D8
:1012D000EFE08022D204114301201B2B08DC080020
:1012E0002022D840D31A99400B005A1E934118432C
:1012F00063461B1A9C4663465B0100D4CDE06346FF
:101300009F01BF09380002F047FB3B0005388340CE
:10131000854200DCA2E0B74A2D1A1A4094465A07CB
:1013200000D1C3E00F221340042B00D1BEE0042300
:101330009846C44463465B0100D4B7E0681CFE2DA8
:1013400000D0A5E0FF200022C0051043E4072043A1
:10135000C0BCB946B046F8BD002B00DCEBE1002A6A
:1013600046D0FF2D00D1A4E08022D20411431B2BD4
:1013700000DCFBE0052398462B00C4446246D708F6
:10138000FF2B00D195E07A02520AD8B2DCE72B009D
:10139000FF3B9946002918D101235E40B44200D199
:1013A000CAE04B46002B2DD0002D00D03CE1FF239E
:1013B0006446002C00D15FE15D1E012B00D174E179
:1013C0003400FF2B74D02B0003E1B44200D19CE029
:1013D000002B17D0002DEAD0070034006CE0002964
:1013E000CCD05A1E012B2BD0FF2B62D0130073E7F9
:1013F0000029C3D05A1E012B00D11EE1FF2B58D06B
:101400001300B4E7FE226B1C1A420DD1002D60D0F0
:101410006346002B00D020E1002900D028E1802283
:101420000024FF20D2038FE763465F1A7B0100D5BB
:10143000FEE0002F00D065E700240020002283E7B3
:101440006346591A4B0100D419E18F01BF093800D6
:1014500002F0A2FA3B000538834001252022401B00
:101460000130121A19009340C1405A1E934119438A
:101470008C460B1EE1D05B0700D152E10F23002503
:101480000B40042B00D052E701204A0100D492E027
:10149000C0B263469A01520A56E763465B0705D01D
:1014A0000F2362461340042B00D040E72B0065E772
:1014B0000700002F00D145E78022D2033A435202B1
:1014C000FF20520A40E7002B79D1FE226B1C1A4202
:1014D000AAD16346002B00D1F5E0002900D1D1E06C
:1014E0005F1A8023DB041F4200D10EE16246012413
:1014F0008A1A944600203440002A00D124E70120B3
:101500001A42C6D10023D7083DE7002B17D0002D83
:1015100000D0AFE0FF236546002D00D1ADE05E1E98
:10152000012B00D189E0FF2BC2D01B2E00DCABE0E9
:101530004B1D9C46130021E74B46002B70D1FE2229
:101540006B1C1A425ED1002D00D0C3E06346002B15
:1015500000D1D0E0002900D194E00A006244530198
:1015600000D4D8E092010120520AEDE608002022C2
:10157000D840D31A99400B005A1E934103439C4410
:1015800063465B0189D50135FF2D00D1DAE662465D
:1015900001231949134052080A401A431300944684
:1015A0005B0704D00F231340042B00D0BFE6634633
:1015B0005B0100D5C2E66346DF082B00E3E6531B60
:1015C000002D00D1F4E680206446C0040443A44604
:1015D000340001201B2B09DC20256046D840EB1A83
:1015E00065469D402B005D1EAB4118430B1A9C467F
:1015F000150080E6FFFFFFFBFFFFFF7DFE226B1C57
:101600001342A3D0FF2B00D19CE6614449084A074E
:1016100049D00F220A40042A45D00A1D9446ADE65F
:10162000002D00D176E78DE63400FF2000228BE606
:1016300063460124CF1A344064E661444B016DD502
:1016400048084449014043072CD00F230340042B92
:1016500028D00B1D9C46022390E6002900D12BE7E1
:101660008023DB039F4200D226E7984200D323E782
:101670000124344007001FE734008C467EE6012336
:10168000CF0880E600237EE620206546801B85404B
:1016900063462800F340451EA84103439C461500BD
:1016A0008C446DE70223CF086DE60F1B7B0128D524
:1016B000BF01BF09380002F06FF93B0005388340D5
:1016C00034000125CAE6002900D1B5E6012407004F
:1016D000344058E66346002B00D1E9E6002900D1EA
:1016E000EAE68023DB039F4200D2E5E6984200D37E
:1016F000E2E60700E0E6002900D19EE60023CF08DD
:1017000041E634000123FF083DE6002F00D193E6B7
:101710000023FF0837E60023D70834E60123CF086B
:1017200031E680220B00D20401201340114200D088
:10173000AEE6CF0827E6002B00D15FE7561B002D51
:1017400001D13300E7E680236046DB04184384467A
:10175000EBE6C046FFFFFF7D41024200C30F490A8E
:101760000020120E7E2A03DD9D2A02DD094A981808
:101770007047802000040143952A07DC9620821AD6
:10178000D1404842002BF3D10800F1E7963A91404E
:10179000F7E7C046FFFFFF7F70B5002812D0C317E0
:1017A000C5185D40C40F280002F0F6F89E231B1AEE
:1017B000962B0FDC082838D0083885406D026D0A5A
:1017C000D8B202E0002400200025C0052843E40729
:1017D000204370BD992B14DC421F95402A00154907
:1017E000114055071CD00F252A40042A18D0043177
:1017F000CA08490115D59F235202181A550AC0B2CA
:10180000E3E705222900121AD14002001B3295405D
:101810002A00551EAA410A43064911405507E2D144
:10182000CA085202550AD8B2CFE76D026D0A8E304F
:10183000CBE7C046FFFFFFFB10B5041E0DD002F042
:10184000ABF89E231B1A962B0CDC082834D00838E2
:1018500084406402640AD8B201E000200024C0057C
:10186000204310BD992B13DC421F9440144A2240A0
:1018700061071CD00F212140042918D00432D4085C
:10188000520115D59F236402181A640AC0B2E6E714
:10189000020021001B3291400A00511E8A4105219D
:1018A000091ACC401443064A22406107E2D1D40809
:1018B0006402640AD8B2D2E76402640A8E30CEE7CA
:1018C000FFFFFFFBF0B54F464646D646C0B582B097
:1018D000009001910E034C00CD0F710A009E5F0035
:1018E000760F0E43009900920193C90089461903AF
:1018F0007B0D9846019B490ADB0F9C46009B009A92
:101900005B0F0B434146640DD200611A654500D15F
:10191000A6E0002972DD4746002F00D1DDE0CC4F64
:10192000BC4200D19AE10127382917DC80273F0407
:101930003B431F2900DDDDE12027781A1F00874087
:10194000BA461700CF4084463800574607436046E2
:101950008240CB40501E8241F61A17434B46DF1B94
:10196000B94580414042361A330200D4FFE0760286
:10197000760A002E00D13CE1300002F00DF80300A1
:10198000083B20213800CA1AD0409E4002009F40E8
:1019900032439C4200DDA6E1181B0130091A3E00CB
:1019A0008F40C6407B1E9F4113008B4037431F432F
:1019B000C2403B0016000024134300D1DFE17B0747
:1019C00000D132E30F233A003B40042B04D03A1DF0
:1019D000BA42BF417F42F619330200D423E39C4B45
:1019E00001349C4200D1B4E09A4B64051E40640D62
:1019F0007707D20876021743360BACE0002900D1F6
:101A00007EE04146091B002C00D060E134004846CE
:101A1000044300D1C9E14C1E012900D12EE28C4DB6
:101A2000A94200D124E20127382C11DC21001F2912
:101A300000DD0BE2202437004846641AA740C84066
:101A400007434846A040CE40441EA0419B1B07438D
:101A5000D71BBA4292415242654644469E1A83E7DA
:101A6000002900DC9CE04746002F67D11F00174388
:101A700000D1E4E0481E012900D19BE1744FB94236
:101A800000D1EBE001270100382811DC1F2900DD1F
:101A9000C7E12027781A1F00844687401000C840FD
:101AA000074360468240CB40501E8241F6181743E0
:101AB0004F444F45804140423618330257D5644B5E
:101AC00001349C4245D00121624B7A081E403940C6
:101AD0000A43F7071743760871E71F00174300D141
:101AE000ADE04F1EBC46012900D182E1584FB942FA
:101AF00000D190E161460127382900DD2EE718E783
:101B0000554F611C394200D0D0E0310048461F00DB
:101B100001431743002C00D03DE1002900D1BCE176
:101B2000002F00D0BFE14B460021D80877070743BC
:101B3000F00806034C05360B640D0CE0444FBC4224
:101B400000D18BE001273829B2DC80273F043B43DA
:101B50009CE70026002724053443ED072C4338007A
:101B6000210002B0E0BCBA46B146A846F0BD7B07F2
:101B700004D00F233B40042B00D028E7F808344B57
:101B800077070743F0089C4200D04AE23B0003433A
:101B900059D080263603064336032D4C360BDAE740
:101BA000002961D04146091B002C00D1B9E0284C26
:101BB000A04500D1A5E10127382913DC80242404A5
:101BC00026431F2900DDC8E1202437004846641A57
:101BD000A740C84007434846A040CE40441EA0410D
:101BE0009B190743BF189742924152424446D61868
:101BF00063E7380001F0D0FE030018331F2B00DC30
:101C0000BFE63A00083882409C4200DD83E01B1B9F
:101C1000581C1F2800DCB4E117001F3BDF402028C0
:101C200005D040231B1A9A40531E9A4117430024A3
:101C3000002F0AD07B0700D0C4E626009EE74B4663
:101C40000C00D8089BE70027014C002683E7C0461C
:101C5000FF070000FFFF7FFFFE0700004B467707EE
:101C6000D8080743F00891E7CD4F611C39426BD18A
:101C7000310048460143002C00D04BE11F001743C0
:101C8000002900D181E1002F00D14CE74A444A45A8
:101C90008041F61840423618330200D5B0E11700F3
:101CA0009146374300D03EE7002654E74946891A5B
:101CB0008846C145BF41F11A7F42C91B0F0261D45A
:101CC00047460F4300D1BDE00E00474651E6B54CF4
:101CD000A04500D100E10127382900DDB8E68024C5
:101CE00024042643A3E6B04EE41A16407B0700D036
:101CF0003FE743E70F001800203FF84084462029C3
:101D000003D04027791A8B401A43531E9A416346E9
:101D100017001F4322E6A448E11A10404707C008F5
:101D200007E734004846044300D1FAE04C1E01297D
:101D300000D1D7E09B4FB94200D1E2E00127382C17
:101D400000DD4FE721003CE7964CA14200D1DDE0E9
:101D50004A444A458041F31840421818C7075208C0
:101D600017434608520705D00F220C003A40042AB8
:101D700000D02CE67607FF0837430009D9E6002794
:101D80000026E8E64946571ABA4292419E1B524243
:101D90006546B61AEDE5002900D0C6E0002F67D1F0
:101DA000802600257F4C3603D5E665460C001E00D4
:101DB000D008E4E64A444A458041F31840421818E6
:101DC0001100030200D496E0774B49081840C3077E
:101DD0000B434408490700D129E10F221A40042A85
:101DE00000D1EAE01F1D9F42B64176423619022417
:101DF000C4E649468F1AB9458041F61A4042361A60
:101E0000330206D47307FF0801211F43F00890E650
:101E100065460124ABE54B467707D8080743F00831
:101E2000B4E60F001800203FF8408446202903D074
:101E30004027791A8B401A43531E9A416346170074
:101E40001F4335E600250024002684E60C003500FB
:101E5000203CE540202905D04024611A8E404946A7
:101E6000314389464846411E884107002F43EFE52C
:101E7000D2085F0765461743D80887E6171ABA42A3
:101E800092419E1B5242B61A3302C1D47307FF0817
:101E9000654601211F43F0084BE6002F7BD06546C5
:101EA0001E0091463FE6811A8846C145A441F11AB9
:101EB0006442091B80242404214277D0101A8242F4
:101EC000924107009E1B5242B61A374300D0A0E051
:101ED0006546002400263EE65F07D20865461743A4
:101EE000D80853E6811891429241F0185242801866
:101EF000030200D568E74707C9080F43C00801215E
:101F000017E6D2085F071743D8083FE60C00002603
:101F1000002720E6002956D15F07D2081743D808CA
:101F200034E60C001E00D00829E6C1087007014302
:101F3000F008002F62D080242403204207D0DE085E
:101F4000264204D165463000D1085B0719434F0F84
:101F5000C900C9087F070F4318E60C003000203C79
:101F6000E0408446202905D04024611A8E4049462D
:101F7000314389464846411E8841614607000F4368
:101F800030E620210027091A0EE51E00002F00D0A0
:101F900022E5002458E7002500240026DBE5C046A2
:101FA000FE070000FF070000FFFF7FFF47460F43CB
:101FB00000D147E70E00C146B5E5DF0864070221FE
:101FC00027430009B5E51900C00877070743114307
:101FD000F008002900D1D9E580210903084207D083
:101FE000DC080C4204D1D2085B071A43170020001A
:101FF0007B0FFF00FF085B071F43C7E50F00C5E528
:10200000124BD20833405F075B02012417431E0BBB
:10201000A1E5264212D00D4B6546020001241E4068
:10202000E6E4210085E51700A8E53A00D4E4DB08E2
:1020300064071C432700022100097AE5C0087707DE
:10204000074365460021F00873E5C046FFFF7FFFA8
:10205000F0B5DE46454657464E46E0B587B000929D
:1020600001930B031B0B9B46CA0F4B0004008046D9
:102070005B0D029200D198E07C4A934237D05946DA
:10208000420FC9000A43802109041143C20090464F
:10209000774A894692469A44002300240393009E7F
:1020A000019F3B031B0B9B467B0030005B0DFD0F2C
:1020B000002B59D06D4A934248D05946720FC9003F
:1020C0000A438021090411438B466949F2008C467A
:1020D00051466344CB1A9A460021029E6E40F6B2E6
:1020E0000F2C00D9CEE0634BA4001B599F465A46E3
:1020F0000243914600D090E09A460223904608247D
:102100000393CCE7CB464246029D0399022900D1B6
:10211000DEE1032900D18DE0012900D079E12E0014
:1021200000220023002490461B052343F607334377
:102130004046190007B0F0BCBB46B246A946A046CF
:10214000F0BD002200249046484BEDE75A46009B24
:102150001A43494B9C46E244002A59D102231C43AE
:10216000002302219B46B8E75A46009B1A4349D0F8
:102170005B46002B00D19CE1584601F00DFC0200AB
:1021800003000B3A1D27009EBA1A19005846D64084
:1021900008398840320002439346009A8A40374902
:1021A00053448A4600219A4497E75B460343994685
:1021B00021D05B46002B00D169E1584601F0ECFBD1
:1021C0000B235B429C460200844466461D239B1BF6
:1021D000260011005846DE4008398840330003438A
:1021E000994623008B409846254B00249B1A9A461B
:1021F0000023039353E7002398469A4601330424AF
:1022000003934CE701231C43002301219B4664E711
:102210000323320003211C435FE79A460323D94678
:102220000C2403933BE700238024984600260F4BA1
:10223000240379E780245B4624031C4324032E00F7
:1022400090460A4B240B6FE780244B46240323421D
:1022500002D05B462342F0D080244B4624031C432B
:102260002403029E014B240B5EE7C046FF070000DB
:1022700001FCFFFFBCBF000801F8FFFFF3030000F3
:102280000DFCFFFFCB4500D2F8E000D1F3E00123C5
:102290005B429C46444648460025E2445B46170E96
:1022A0001B021F43190C3B04120200971F0C91469E
:1022B00002910397FDF7CAFF02007A430B04210C39
:1022C000804619438A4209D9009F0123BC465B42DC
:1022D00061449C46E0448F4200D85CE1881A029930
:1022E000FDF7B4FF039A240442430904240C0300BD
:1022F0000C43A24206D90099013B8C466444A1429A
:1023000000D842E1A01A424612041A4393464B46B3
:1023100059461B0C1F0004930B0449460904090C81
:102320000C001B0C5C43120C7B43884651437A43E0
:10233000270CBC465B186344994203D980214902AB
:102340008C466244190C24041B04240C8A181C19A2
:10235000904202D316D1A54214D25B46009F013BA6
:102360004D4405934D459B41BC465B426344C018B8
:10237000874200D302E1824200D929E100D124E161
:10238000059B9B462C1BA542AD41009B801A6D42CC
:10239000401B834200D10FE10299FDF757FF039ADA
:1023A0000B044243210C050019438A4200D9CBE0BB
:1023B000881A0299FDF74AFF039A2404424309044C
:1023C000240C03000C43A24200D9CAE04146A41ADF
:1023D0002A041A43049F13041B0C594340467B43B1
:1023E0009C46150C68430B0C844463447D4398421F
:1023F00003D98020400284466544180C09041B045C
:10240000090C40195B18844227D323D001233500DF
:102410001A43944B5344002B60DD510700D086E0F3
:102420002E00D1085A46D20106D55A468E4B1A4084
:1024300080239346DB0053448C4A934200DD80E6C0
:102440005A4652070A4390465A465B055402240BEB
:102450005B0D69E63500002BDBD0009D511EAC46BC
:102460006444AC4200D29EE0844200D2E1E000D15C
:10247000EEE00A00CAE7424500D908E74B46DC0710
:10248000580843465B081C434346DD0706E701F056
:1024900083FA15239C4684440200634620321C2B99
:1024A00000DC92E6230008388340994600239846D2
:1024B0009AE601F071FA02000300153220331C2A5B
:1024C00000DC5FE600990838814000228B4666E612
:1024D00000222E0000249046654B25E62E000121A7
:1024E000C91A382900DD1BE61F297EDC614814006B
:1024F00050445B4682408340CC40501E824123437F
:102500001A435B46CB40510709D00F2111400429E3
:1025100005D0111D9142924152429B180A001902A6
:1025200000D49BE00022012300249046FCE50F210B
:102530001140042900D173E7111D9142924152428A
:102540002E00C90893446DE7009B013D9C46614401
:102550008B4200D92CE78A4200D829E7851E6144C6
:1025600026E70099013B8C466444A14200D92DE73F
:10257000A24200D82AE7831E644427E7874200D09E
:10258000FEE6A94500D9FBE6F5E6A24200D8B9E689
:10259000831E6444B6E68A4200D89FE6BC46831E8A
:1025A000984661449AE60A00844200D02EE74B45E3
:1025B00000D02BE735002CE72A4B2F4A5344924595
:1025C00043DB0122002193442CE7AC4200D8D7E63C
:1025D00002235B429C4600994D444D459B41E34498
:1025E0008C465B426344C018CCE61F204042C31AAD
:1025F0005846D840202904D05946204B534499408E
:102600000A43531E9A410723190002430024114034
:10261000134209D008331340042B1DD0131D9342DD
:1026200089411A0049424907D2080A4390460023CB
:102630007AE54946009F4D004D458941BC464942D7
:102640006144A946023A6418AEE70122524246E7C5
:102650009945EED30A00AAE70021E5E759075B0296
:102660001C0BE1E7FF030000FFFFFFFEFE07000079
:10267000FF0700001E04000002FCFFFF3E040000F4
:10268000F0B55746DE464E464546E0B50D0004001F
:10269000E80F83460903D80F090B824619488C4678
:1026A0001F0369005E00490D3F0B760D814218D073
:1026B00086420FD00120B1420DD1BC450BD19442CE
:1026C00009D1D3451CD0002905D160462043431EC3
:1026D000984100E00120F0BCBB46B246A946A046A6
:1026E000F0BD01208E42F6D1614639430F001743F9
:1026F0002743F0D15B465246981A431E9841EAE7B9
:102700000020E8E7FF070000F0B557464E46454673
:10271000DE46E0B50D000E034900490D8A46DF0F85
:10272000E90FBC4683B02F4F04008046019158004A
:1027300019039146360B090B400DBA451DD0B8421E
:102740000DD05746002F2AD13443002824D10A4304
:1027500036D0002C41D163465800013815E01143B2
:1027600038D15346002B01D12643F4D0019B634559
:1027700007D1019B5800013807E026432AD1504574
:1027800021D00120019B5F42384303B0F0BCBB461F
:10279000B246A946A046F0BD002CDCD0E6E70028F2
:1027A000EFD0019B6345ECD18245EADCE1DB8E4250
:1027B000E7D8DED1C845E4D80020C845E5D2D8E73F
:1027C000002CE2D0DDE7114304D1019B6345D8D151
:1027D0000020DAE702204042D7E7019B6345E6D0BC
:1027E000CFE7C046FF070000F0B557464E464546C6
:1027F000DE46E0B50D000E034900490D8A46DF0FA5
:10280000E90FBC4683B02E4F04008046019158006A
:1028100019039146360B090B400DBA451ED0B8423C
:102820000DD05746002F27D13443002833D10A4317
:1028300034D0002C40D163465800013815E01143D4
:1028400012D15346002B01D12643F4D0019B63459E
:102850001DD00120019B5F42384306E0264303D18F
:102860005045F6D111431CD0022003B0F0BCBB464A
:10287000B246A946A046F0BD0028EAD0019B6345B8
:10288000E7D18245E5DC02DB8E42E2D80ED0019B27
:1028900058000138E9E7002CCDD0D7E7002CE4D070
:1028A000D7E7019B00206345DFD0D2E7C845D0D8E9
:1028B0000020C845D9D2EAE7019B6345E4D0C8E7C8
:1028C000FF070000F0B557464E46DE464546E0B5E8
:1028D0001F000B031B0B16009A46CA0F4B00040087
:1028E000914685B05B0D00D1CFE1CD4A934255D0E2
:1028F0005146420FC9000A43802109041143C20016
:102900009046C84A8A4693469B440023002502937A
:102910003C037B00FA0F0196240B5B0D009200D163
:1029200088E1BF4A934200D192E0BE4A9446634494
:102930009B440A2D42DCE400730F23438024494664
:1029400024041C43F3000193009B00205940CBB2A8
:102950000393022D00DC94E00123AB401D00A6236D
:102960002A00DB001A401D4200D029E290239B0080
:102970001D4200D14DE20023802499462403A84B38
:1029800010004A461B052343D2071343190005B024
:10299000F0BCBB46B246A946A046F0BD5246024333
:1029A000904600D0ACE19B46022392460825029354
:1029B000AEE7009BA2469946019B9846029B022BDC
:1029C00000D1CAE1032B00D192E1012B10D10023E9
:1029D00000240022D4E701227B083A4013435246E8
:1029E000D2071343984653465B089A46039B994681
:1029F0005B46581C8023DB005B44002B00DCB1E10C
:102A0000424652070BD00F2241460A40042A06D004
:102A10004246111D414592418846524292445246D7
:102A2000D20106D55246804B1A4080239246DB00E5
:102A3000C3187E4A934200DD8FE14246D1085246D8
:102A400052070A4351465B054C02240B5B0D97E786
:102A5000734B26439C46E344002E00D16FE10323D1
:102A600049461D43009B5940CBB203930A2D00DD1C
:102A700033E10123AB401D000323029388222A4245
:102A800097D1424643461204120C160001981D0CC1
:102A9000030C0004000C4643B4461E006E4300962F
:102AA000160007005E436146B0466F430E0CB84403
:102AB0004644B74205D9802149028846009F4744D1
:102AC000009761460904090C370C36048C46310026
:102AD000614401911100260C2404240C61438C46AE
:102AE0002100694389466146090C884672434A447D
:102AF00042447543914503D98021490288464544A3
:102B0000110C884661460904090C8C461204624483
:102B1000B91802915146090C8C4651460F043F0CDE
:102B20003900414345448846614641438A4641460F
:102B30006046090C894658437B4353444B449A45AD
:102B400003D98021490289464844190C89464146E7
:102B50000904090C8846390061431B044344884634
:102B600061464C4371438C46414677430E0C3F19F6
:102B7000F6194844B44203D9802149028946CC441D
:102B80000299009F894631044F4489464146974245
:102B900092410C04240C4C44FF1852426419A118B1
:102BA0009F429B41884682465B42994690459241AE
:102BB000AC42A441C244D1445242644214439945B8
:102BC0009B41824592415B42524213434A46360C36
:102BD000A419E31863445B02D20D1A43019992468B
:102BE0007A020A43501E8241FF0D17434A465202A1
:102BF0001743B846DB0100D5EDE60D4B039A5B4465
:102C00009146002B00DCACE03A00520700D110E7FF
:102C10000F2258463A40042A00D0F9E609E7C04698
:102C2000FF07000001FCFFFFFFFFFFFEFE070000A3
:102C3000FF030000220032436FD0002C00D1C2E01D
:102C4000200000F0A9FE020003000B3A1D20821AAA
:102C500030001900D04008398C4002002243340073
:102C60008C405946CB1A86498B469B440A2D00DD81
:102C7000A4E64946009B01945940CBB214000020C1
:102C80000393022D00DD67E6FBE6534603439846B7
:102C90003CD05346002B00D1A3E0504600F07CFE10
:102CA0000B235B429C4602008444110050460839C5
:102CB00088401D23804660461B1A2000D840030030
:102CC000404603439A4623008B4098466C4B0025B0
:102CD0009B1A9B46002302931AE60F2D00D0C9E0F1
:102CE000802352461B031A4202D01C4200D192E0BC
:102CF0008024534624031C4324034246240B3EE60F
:102D00009B46032380460C25029301E600239A4646
:102D10009B46013304250293FAE501210D430A2D58
:102D200000DD4BE6494600984140C9B20391022DAF
:102D300000DC96E000230024012001930CE64946C4
:102D40000223009A2B435140CAB203920A2B00DDA2
:102D500034E6002D57D1039B994600240022494BAD
:102D60000EE658460121C91A382900DD2FE61F2931
:102D700056DD1F2254465242D31ADC40202907D088
:102D8000414B42469C465346604483401A4390461A
:102D900042460721531E9A410B0022431340002450
:102DA000114209D00F231340042B5DD0111D914215
:102DB0009B410A005B425B07D2081A430023DFE510
:102DC000039B9946FAE5019800F0E6FD0200030036
:102DD000153220331C2A00DC38E7019A083882407B
:102DE0003FE700F0D9FD15239C468444020063466A
:102DF00020321C2B00DC58E70023984623000838BB
:102E000083409A4662E71D000023002402200193BC
:102E1000A2E5029032E61C43009B019A9946AEE57A
:102E20001A4B5246C31840469A40C8400243404697
:102E300098400300581E834154461A43CC40530720
:102E400009D00F231340042B05D0131D9342924148
:102E50005242A4181A00230208D50123002400229C
:102E60008EE5894600248BE50023A5E7630764020D
:102E7000240BA1E7009BA2469946019B984637E7A1
:102E80000DFCFFFFFF0700003E0400001E040000D1
:102E9000F0B557464E464546DE46E0B583B0009055
:102EA00001910C034D00CE0F610A009C5F00640F7E
:102EB0000C43009900920193C80019037B0D9946B9
:102EC000019BCC4FDB0F9C464B0A00998046490F73
:102ED0001943009B8B46DA0092466D0DB94500D12F
:102EE000BFE00123614659404B468C46EB1A8E42A7
:102EF00075D0002B00DCA3E24946002900D1CEE0CA
:102F0000BD4200D100E20127382B19DC8027594649
:102F10003F0439438B461F2B00DDFAE12027F91AC5
:102F20008C4659466746B9400F001100D9400F43FF
:102F300061468A40511E8A415946D9401743641A56
:102F4000C71BB84280414042241A230200D440E10A
:102F50006402640A002C00D154E1200000F01CFD42
:102F60000300083B20213800CA1AD0409C400200D0
:102F70009F4022439D4200DDA6E1581B0130091A03
:102F80003C008F40C4407B1E9F4113008B40274371
:102F90001F43C2403B0014000025134300D1F7E15A
:102FA0007B0700D177E30F2338003B40042B04D08C
:102FB000381DB842BF417F42E419230200D468E3C0
:102FC0008C4B01359D4200D1F4E08B4B6D051C40CC
:102FD0006D0D6707C00864020743240BECE0002B6B
:102FE00000DC29E34946002900D0D6E059461143C8
:102FF00000D12EE1591E012B00D1E6E1BB4200D1E8
:1030000082E101270B00382914DC1F2B00DD3CE294
:103010002027F91A8C4659466746B9400F0011001F
:10302000D9400F4361468A40511E8A415946D940D2
:10303000174364183F1887428041404224182302F6
:1030400000D4C6E06B4B01359D4200D1B2E00121B6
:10305000694B7A081C4039400A43E7071743640864
:103060009EE7664B11438A46EB18002928D0664537
:103070002CD0002B5BD0002D00D12CE15B466646A6
:103080005F07D2081743DD083B002B4300D1E2E085
:10309000802424032C432403564D240B8CE05946F2
:1030A000114300D1D5E0591E012B00D1B9E1BB423B
:1030B00000D1B1E101270B00382900DD40E72AE704
:1030C0006146012779408C466645D2D1002B00D15C
:1030D000C5E0002D00D055E14B462500054300D149
:1030E00012E2591E8C46012B00D149E2414DAB4200
:1030F00000D18FE20127382911DC63461F2B00DD48
:103100005BE26146202327005B1A050098409F4040
:10311000CD40431E9841CC402F430743A344BF18E2
:103120009742924152425A4414004D4687E7344F29
:103130006B1C3B4200D0B6E05946230011430F0000
:103140000343002D00D026E1002B00D1C0E100296F
:1031500000D1A1E0831A98465B464045AD41E31A91
:103160006D425B1B80252D042B4200D14BE15B4659
:10317000101A824292411C1B0700012663465242EC
:10318000A41A27431E40002F00D142E12C4200D157
:103190006DE2194B01251C401BE7BD4200D13BE10C
:1031A0000127382B00DD45E7802759463F04394386
:1031B0008B462AE7002400272D052543F6073543D3
:1031C0003800290003B0F0BCBB46B246A946A04671
:1031D000F0BD7B0704D00F233B40042B00D0E7E673
:1031E0002B00F808034A67070743E508934200D11C
:1031F0004AE7A5E0FF070000FFFF7FFF01F8FFFFA0
:10320000FE070000380000F0C7FB030018331F2B37
:1032100000DCA7E63A00083882409D4200DD8AE0E3
:103220005B1B581C1F2800DCD8E117001F3BDF4048
:10323000202805D040231B1A9A40531E9A41174359
:103240000025002F00D1E5E07B0700D0ABE62C0085
:10325000C6E7C008C6E700270024D14DACE7D14F30
:103260006B1C3B4271D123000343002D00D04EE183
:103270005746002B00D1B5E1002F0DD083188342B3
:1032800080415C4440422418220200D5C8E11F005E
:103290009846274300D1BCE043466707DB081F433D
:1032A000E50800234CE0831A98465B464045BF4141
:1032B000E31A7F42DB1B1F027CD447461F4300D129
:1032C000A6E01C00474645E6B74CED1A14407B07C4
:1032D00000D080E784E74B462500054366D05F1E9B
:1032E000012B00D1FCE0AE4DAB4200D15EE1664661
:1032F000382F00DCB4E00120171ABA4292415B4635
:1033000052424D469C1A20E66707C0080743E5086D
:10331000BAE61F005946203FF9400F00202B05D088
:103320004021CB1A594699400A43924653465A1EA9
:1033300093411F4304E6EB1A9B4D15406F07ED08C0
:103340002C035D05240B6D0D36E7954DAB4200D186
:10335000D6E0821821008242804159444042081838
:10336000C707520817434408520700D485E10F22CB
:103370001D003A40042A00D01AE6FF0864072743DC
:103380000509DDE75B46D2085F071743DD087BE6EA
:103390000027002410E7002B00D0D6E0002900D041
:1033A0002FE1802400267E4D240305E766465C4617
:1033B000D00817E75B46171ABA4292411C1B012638
:1033C00063465242A41A1E40C4E5831883428041DA
:1033D0005C44404225182A0200D4DAE0724A5B08B5
:1033E0001540EA071A4369085B0700D44AE10F2336
:1033F0001340042B00D1FCE0171D9742A441644206
:1034000002256418ECE647461C001F4300D043E742
:10341000002600250024CFE6C00867070743E5081B
:1034200032E6871A5B46B8428041E41A4042241AC9
:10343000230228D46307FF081F43E50801237FE721
:10344000002B00D173E64B465F1B3B00002D00D1E3
:1034500042E7382F00DDECE080230E001B041C4304
:103460001F2F25DC20252300ED1B0100A840AB40C9
:10347000F940451EA8410B43FC4018435B461B1B0B
:103480009B4639E76646012562E51F005946203F05
:10349000F9408C46202B05D040275946FB1A99400D
:1034A0000A43924657467B1E9F4163461F43C1E530
:1034B0003B002500203BDD40202F04D04023DB1BB8
:1034C0009C40204380464046431E9841284313E7D2
:1034D00000299DD0012663465C4690461E40DBE6EF
:1034E000171A5B46BA4292411C1B5242A41A23028D
:1034F000C8D46307FF081F4366460123E5081FE79A
:103500001D000024002757E65C46D0086AE6002B21
:1035100000D137E75346C00867070743E508002B8B
:1035200000D1B1E580231B031D4208D05946C808CD
:10353000184204D1D20849070A43170005007B0F3F
:10354000FF00FF085B071F439EE5C00863071843A1
:10355000E508002953D080231B031D420AD0594699
:10356000CC081C4206D1012663462500D008490735
:1035700008431E40470FC000C0087F07074383E58C
:103580008318934292415C445242A5182A0200D506
:1035900024E76F07DB081F43ED080123D0E6C04690
:1035A000FF070000FE070000FFFF7FFF5B46D20819
:1035B0005F0766461743DD0866E52500203BDD40D2
:1035C0006346202B05D0402361465B1A9C40204374
:1035D000804647467B1E9F412F43A0E520210027C0
:1035E000091AD2E4002F00D113E75C46170000252A
:1035F000F6E5D708490702230F432D09A0E6070087
:1036000042E55B4601265F07DD086346D2081743A3
:103610001E4039E55B46D2085F071743DD0833E5F6
:103620001E4ADB0822405707520201251F43140B94
:10363000C2E50E0001205FE6002B0DD04B465B1B60
:103640009C46002D00D148E50127382B00DD66E5BA
:1036500080231B041C4350E56B1C114D2B4200D0F2
:1036600073E65946230011438A46034300E6670781
:10367000C00800230743E50862E66407FF08274304
:1036800005095DE6D208490711430F0002232D0901
:1036900056E60700A4E538008FE4C046FFFF7FFF31
:1036A000FE070000F0B5C6461E03360BB0460D4EB1
:1036B0000C034D005F0000B5240B6D0D7F0DB5426E
:1036C0000BD0084900208F4204D1464616433000F3
:1036D000431E984180BCB846F0BD04430120002C35
:1036E000F8D1EEE7FF0700000B00020070B5164DA1
:1036F0000C0382B04900002000920193240B490D75
:10370000DE0FA94204DD1148814203DD104BF018A1
:1037100002B070BD8020400320430E4C641A1F2C61
:1037200008DD0D4B5B1AD84003005842002EEFD144
:103730001800EDE7094B009A9C46030061448B405A
:10374000E2401343F1E7C046FE0300001D04000001
:10375000FFFFFF7F3304000013040000EDFBFFFFB9
:1037600070B5002816D0C317C5185D40C40F2800D7
:1037700000F012F9104B1B1A5B055B0D0A2814DCD4
:1037800002002E00153296400B22121AD5402D034E
:103790002D0B03E000240023002500261B052B43EE
:1037A000E40723433000190070BD0B3885402D031A
:1037B00000262D0BF2E7C0461E04000010B5041EC3
:1037C00010D000F0E9F80E4B1B1A5B055B0D0A28C0
:1037D0000FDC0B222100121AD14015300A0384405D
:1037E000120B01E0002300221B05134320001900E7
:1037F00010BD22000B38824012030024120BF3E7A5
:103800001E04000070B542024300C40FFE201B0ED0
:10381000591C550A08420CD0E02189008C466D07DE
:10382000120B63441B051343E407234328001900CC
:1038300070BD002B14D1002D1BD0280000F0ACF877
:103840000A281CDC0B232A001B1ADA40030015335C
:103850009D400E4B12031B1A5B05120B5B0DE1E73B
:10386000002D09D0130B802212031A436D07084B59
:10387000D8E700230022D5E70022054BD2E703005A
:103880002A000B3B9A400025E3E7C046890300006D
:10389000FF070000F0B54B000F035B0D3A4C450FDE
:1038A00083B07F0A5E1C2F4300900191CA0FC500B0
:1038B00026420BD035495C18FE2C13DDFF20002377
:1038C000C0051843D207104303B0F0BD3D43002BA1
:1038D00001D10020F4E7002DF0D08023DB03FF208E
:1038E0003B43EDE7002C0CDD009BFF009B01581EC5
:1038F0008341690F3B430B43590727D1DB08E0B2F3
:10390000DEE72100173131DB80211E200904394315
:10391000001B1F282DDD02267642341B0E00E640D8
:103920003400202804D01A488446634499400D434B
:103930002B00591E8B412343590703D00F211940F7
:1039400004290BD19B0100205B0AB9E70F21194024
:10395000042904D19B015B0AE0B2B1E700240433DF
:103960005901F7D501340023E0B2A9E70020002374
:10397000A6E7084C1C192B00A540C340A140681EB7
:10398000854129430B43D7E7FE07000080FCFFFF7A
:10399000A2FCFFFF82FCFFFF1C2101231B049842B5
:1039A00001D3000C10391B0A984201D3000A0839D0
:1039B0001B09984201D30009043902A2105C401887
:1039C0007047C0460403020201010101000000002B
:1039D0000000000010B5002903D1FFF7DDFF203003
:1039E00002E00800FFF7D8FF10BDC04630B58BB02D
:1039F0001422002104A804F06BFD04220124194BB9
:103A0000194DD96A28001143D962D96A0A40019236
:103A1000019ADA6A2243DA62DA6A22400292029A50
:103A20000222D96A1143D962DB6A07211A40039244
:103A30000122039B01F00CFF0723059400242800BA
:103A400004A904930694079401F040FDA0201F22CE
:103A5000002304A9C00504920593069401F036FDE5
:103A60000BB030BD001002400008005010B5194BDB
:103A7000194C01222360194B200063600023E2608F
:103A8000A36023616361A361E361236202F08AF8AA
:103A900000280CD10021200002F0E2FB00280ED10A
:103AA0000021200002F002FC002810D110BD00F01F
:103AB00005FE0021200002F0D3FB0028F0D000F02A
:103AC000FDFD0021200002F0F1FB0028EED000F007
:103AD000F5FDEBE7005400405C020020380F300099
:103AE00010B51B4B1B4C012223601B4B2000636055
:103AF0000023E260A36023616361A361E361236249
:103B000002F050F8002810D10021200002F0A8FB9C
:103B1000002812D10021200002F0C8FB002814D197
:103B20008020800102F0F0FB10BD00F0C7FD0021F5
:103B3000200002F095FB0028ECD000F0BFFD002132
:103B4000200002F0B3FB0028EAD000F0B7FDE7E761
:103B500000580040080200200C04400010B504008A
:103B600088B01422002102A804F0B2FC2368204A85
:103B7000934204D01F4A93421DD008B010BD0223C7
:103B80001D4C1E48E26A02A91A43E262E26A13402F
:103B90000093009BC02303220293AE3B0393113B8F
:103BA00004930592069301F091FC8023A26B9B0382
:103BB0001343A363E1E702230F4C1048E26A02A912
:103BC0001A43E262E26A13400193C022019B12236E
:103BD000120102920393032305930333069301F02A
:103BE00075FC8023A26BDB031343A363C5E7C046C8
:103BF00000540040005800400010024000040050F3
:103C000010B5030086B00800002B19D0002917D08A
:103C1000196000216424D960196100211A715200D1
:103C200099829C60D2B205AB198091B202220093B6
:103C3000019201230022029402F096F906B010BD11
:103C40000120FBE770B586B005000AA80478E020E3
:103C50009B0140000340D000382202401343E02281
:103C60004902120111406242544102266242B243AB
:103C70000B430732134305AC5BBA23802979AB6849
:103C80004900C9B228680022029389B20123019633
:103C9000009401F0DFFF06B070BDC04670B50D1C8A
:103CA000040086B00021281C161CFCF719FC002813
:103CB00031D10021301CFCF713FC03000120002B44
:103CC00027D1311C281CFDF789F9011C1348FCF78A
:103CD000B7FFFC218905FCF7C1FD08F0E1F8FDF70D
:103CE0003BFD031C000400D50D4BA38205AA5BBA63
:103CF0001380A36821792068E5602661029302237E
:103D00004900C9B20193009289B20522013B01F03A
:103D1000A1FF06B070BD0120FBE7C046ACC5A73BC4
:103D2000FF7F0000F0B504000E0087B0002923D00B
:103D3000002305AD2B80037900685B00DBB299B2EC
:103D4000A36804220293022300950193013B02F031
:103D50000BF9071E0DD12888C0BAFDF71DFD21699A
:103D6000FDF73CF90021041CFCF7CEFB002805D030
:103D70003460380007B0F0BD0127FAE70024346052
:103D8000F7E7C0460023020030B587B005AC2380BA
:103D900003790D005B00DBB299B29368006802936F
:103DA0000223022201930094013B02F0DDF8002877
:103DB00015D1208840BA80B2FDF73EFD0A49FDF7D3
:103DC0000DF9FCF7F9FB80B2FDF7E6FC0749FCF7BB
:103DD00037FF0021041CFCF797FB002800D10024CA
:103DE00000202C6007B030BD0000A03F00007A44E6
:103DF00010B59EB03822002110A804F069FB1422EF
:103E0000002101A804F064FB2422002106A804F08C
:103E10005FFB80232349244C0A681B012240134383
:103E20000B6002F07FFA214A10A8136D234013653E
:103E30000623802210930123520012921393102321
:103E400014930E3B1A9300231B938023DB021C93D5
:103E50008023DB031D9302F0B7FA002801D072B66D
:103E6000FEE70F2301930C3B029380230390049001
:103E7000DB00012101A8059302F09CFD002801D080
:103E800072B6FEE7802328220C905B0206A80692F9
:103E9000079302F07DFE002801D072B6FEE71EB047
:103EA00010BDC04600700040FFE7FFFF0010024059
:103EB000F0B5DE4657464E464546E0B5A9B001F09E
:103EC0007DFAFFF795FFFFF791FDFFF7CFFDFFF7B5
:103ED00007FE00F097FF00F0C3FF00F0F1FBBE4BC0
:103EE000012618000D9300F073FCBC4CBC48210067
:103EF0004822099001F056F8BA4B21001D004022DB
:103F000018000A93FFF77CFE0423042202212800F4
:103F10000096FFF797FE2800B34AB449FFF7BEFEAC
:103F2000B34D210045222800FFF76AFE0423042236
:103F3000022128000096FFF785FE2800AA4AAB4917
:103F4000FFF7ACFEAB4B21001C00752218000B9351
:103F500001F072F8A84803F039F80021A74803F0EF
:103F6000A9F80021200001F0A9F82000A44901F0DF
:103F700031F90021200001F071F9A24CA24BA020E0
:103F800023803223A14A0121C005A37013600E9241
:103F900001F058FC9E4B9F4D9946431E98414B465D
:103FA00018609D4B9D4E04939D4B05939D4B06932E
:103FB0009D4B07939D4B98469D4B47469B469D4B7B
:103FC0009A469D4B08939D4B0F939D4B10939D4B91
:103FD00003939D4B11939D4B12939D4B13939D4BBC
:103FE00014939D4B16939D4B17939D4B15939D4B8F
:103FF00027939D4B0C939D4B21939D4B22939D4B5F
:1040000023939D4B24939D4B25939D4B26939D4B32
:104010001E939D4B1F939D4B20939D4B18939D4B3F
:1040200019939D4B1A939D4B1B939D4B1C939D4B3A
:104030001D9304990B9801F047F90599099800F030
:10404000CBFF0A9B069998461800FFF79BFE07993D
:104050004046FFF767FE012001F0D6F93B68002BD0
:1040600000D1B1E0A37862783B2B04D90023013260
:10407000D2B2A370627023783B2A04D900220133A4
:10408000DBB262702370172B01D9002323704B46DB
:104090001B689846002B00D008E1A0200121C00534
:1040A00001F0D0FB002800D07CE1002201217E48F5
:1040B00001F0CEFB0023A0205A461021C00513605A
:1040C00001F0C0FB002800D07BE1002202217648ED
:1040D00001F0BEFB0023A02052460221C005136060
:1040E00001F0B0FB002800D063E1002204216E48FB
:1040F00001F0AEFB4246089B00201A6000F00AFB6C
:104100000021002000F0F6FD6A68012329680F985D
:1041100000F0D4FD0A21002000F0ECFD6A680123C4
:104120002968109800F0CAFD1421002000F0E2FD7B
:10413000524613685A46126803999B009200CB5866
:104140008A583000119904F055F96A6801232968EA
:10415000300000F0B3FD1E21002000F0CBFD089BD5
:1041600003991B6830009B00CA58129904F042F969
:104170006A6801232968300000F0A0FD2821002092
:1041800000F0B8FD0E9B13991A68300004F032F964
:104190006A6801232968300000F090FD3221002078
:1041A00000F0A8FDA178637822783000009114997E
:1041B00004F020F90123300029686A6800F07EFDD0
:1041C0000D9800F0B5FA34E7FA239B003B60A37822
:1041D0000133DBB2A37046E7080200205C02002036
:1041E00014030020EC0200206F1283390AD7233C0D
:1041F000D402002008030020F0070020B0070020B0
:10420000CDCCCC3D5C030020173B000048030020D0
:10421000580300200800002004030020B002002002
:10422000C8020020D0020020CC0200202003002081
:1042300054030020500300204C030020C4D4000885
:10424000DCD4000810000020ECD4000800D50008E1
:1042500008D5000814D500083C03002030030020D6
:10426000340300202CD500080000002040D50008B1
:104270002C03002048D500083803002050D5000842
:1042800054D5000858D500082803002060D5000840
:1042900064D5000878D5000880D5000888D50008C6
:1042A0008CD5000898D5000800080050012B00D0DC
:1042B000BFE6169B1B68012B00D189E0002B00D0C4
:1042C000B7E601219A48002201F0C2FAA02010218D
:1042D000C00501F0B7FA012800D10DE1A02010219E
:1042E000C00501F0AFFA179B1860002000F012FA29
:1042F0000021002000F0FEFC6A680123296818985C
:1043000000F0DCFC0A21002000F0F4FC0C9A0123F0
:1043100006CA199800F0D2FC0A21372000F0EAFC06
:104320000E9B1868FDF738FAFFF76CFA02000B00D5
:1043300030001A9904F05EF8159B30001B685A1E75
:1043400093410C9ADBB206CA00F0B8FC0A216E2039
:1043500000F0D0FC0C9A012306CA1B9800F0AEFCBA
:104360001C21002000F0C6FC159B1C981B68013B1B
:104370005A1E93410C9ADBB206CA00F09FFC2E2114
:10438000002000F0B7FC159B29681B681D98023BB4
:104390005A1E93416A68DBB200F090FC0D9800F061
:1043A000C7F946E601220121614801F051FA0123D3
:1043B00081E6012204215E4801F04AFA0123984671
:1043C00098E6012202215A4801F042FA012382E6CE
:1043D000A0201021C00501F035FA012800D199E094
:1043E000A0201021C00501F02DFA179B18600020B5
:1043F00000F090F90021022000F07CFC6A680123A3
:104400002968279800F05AFC0A21022000F072FC6B
:104410000C9A012306CA219800F050FC0A21392089
:1044200000F068FC229B03991B6830009B00C95870
:1044300004F0D5F8159B30001B685A1E93410C9A66
:10444000DBB206CA00F03AFC1C21022000F052FC4C
:104450000C9A012306CA239800F030FC1C21392055
:1044600000F048FC259B249930000A681900984602
:1044700003F0C0FF159B30001B68013B5A1E93419F
:104480000C9ADBB206CA00F019FC1C215A2000F07D
:1044900031FC0C9A012306CA269800F00FFC2E214D
:1044A000022000F027FC0C9A012306CA1E9800F097
:1044B00005FC2E21392000F01DFC1F9841460268A2
:1044C000300003F097FF159B30001B68023B5A1E1B
:1044D00093410C9ADBB206CA00F0F0FB2E215A2061
:1044E00000F008FC0C9A012306CA209800F0E6FBB5
:1044F0000D9800F01DF99CE5179B1B68002B00D060
:10450000ECE6159B032118680130FBF789FF159B2A
:104510001960E3E6179B1B68002B00D060E7159B32
:10452000032118680130FBF77BFF159B196057E7E3
:1045300000080050544AF8B51368002B01DD013B18
:104540001360524B984200D0F8BD514A1368002BBB
:1045500042DD013B13600023A0204E4C4E492268EF
:104560004B6353019B1A9B009B18DB00CB62C00579
:10457000042101F067F9494F012836D0484D494ED2
:10458000A0200421C00501F05DF92B683860642B80
:104590004FDD64232B6023680A2B45DD0A2323604B
:1045A0003368642B3BDD64233360A0200121C00508
:1045B00001F048F900282ED13B4A1368013B1360F3
:1045C000002BC1D1012239490B680133D80F1B18C8
:1045D00013401B1A0B60B7E7A0200421C0052D4C27
:1045E00001F030F92D4F0128C8D13B68002BC5D10F
:1045F000A0200821C00501F025F9294D2B680128CC
:104600001CD0013B2B602A4B1B68002B20D1294A70
:10461000244E1360B4E7244B274A1A6094E7002B1A
:10462000C3DA00233360C0E7002BB9DC0123236029
:10463000B6E7002BAFDA00232B60ACE701332B6029
:104640001B4B1B68002B0CD11A4B164E186097E7BA
:10465000012B0FD0134E022B92D1336805333360F8
:104660008EE7012B0BD00F4E022B89D13368053B0F
:10467000336085E723680B4E0133236080E72368AE
:10468000084E013B23607BE720030020F007002059
:1046900024030020380300200008014044030020C8
:1046A0004803002028030020400300203C03002092
:1046B000340300202C030020DC05000072B6FEE766
:1046C0000A480B4B7F2210B50360002382608032C2
:1046D0004360C260036143618361C36102F0A4FB74
:1046E000002800D110BDFFF7E9FFFBE770030020B1
:1046F00000280040054B02689A4200D07047802392
:10470000034ADB02116D0B431365F7E700280040F5
:1047100000100240431E9841822210B54142C9B2A6
:104720000248D20003F0D4FE10BDC0469C03002016
:10473000264BF0B54F4699460A234646D6461724DF
:1047400098460633C0B5B025060001279A4686B0C4
:104750006C444346257000227821029330000123E7
:104760000197009401F076FA00232370434600225B
:1047700078210293300001230197009401F06AFA36
:1047800053462370434600227821029330000123D0
:104790000197009401F05EFA642302931E330193A3
:1047A0004B464022009378210123300001F052FA59
:1047B00082239C460135EDB2E144B82DC9D106B043
:1047C000E0BCBA46B146A846F0BDC0469C030020F6
:1047D000F0B5DE4657464E464546E0B5172487B04D
:1047E000050064200A27012600F00EFEAE236C446B
:1047F0002370002278210094AD3B28000297019697
:1048000001F028FA2023804623709946002278215F
:1048100000941F3B28000297019601F01BFA102319
:10482000002223709B467821804400940F3B28008F
:104830000297019601F00EFAB0230022237078212E
:1048400080440094AF3B28000297019601F002FAE1
:10485000C82300222370782180440094C73B28009D
:104860000297019601F0F6F90023002223709A4680
:10487000782180440094013328000297019601F0CA
:10488000E9F95B46002223707821804400940F3BB5
:1048900028000297019601F0DDF9402300222370E1
:1048A0007821804400943F3B28000297019601F054
:1048B000D1F9812300222370782180440094803B29
:1048C00028000297019601F0C5F9FF23002223700A
:1048D000782180440094FE3B28000297019601F065
:1048E000B9F9A12300222370782180440094A03BD1
:1048F00028000297019601F0ADF9A623002223704B
:10490000782180440094A53B28000297019601F08D
:10491000A1F9A82300222370782180440094A73BAA
:1049200028000297019601F095F93F230022237099
:104930007821804400943E3B28000297019601F0C4
:1049400089F9A42300222370782180440094A33B9A
:1049500028000297019601F07DF9D32300222370ED
:10496000782180440094D23B28000297019601F000
:1049700071F953460022237078218044009401335A
:1049800028000297019601F065F9D52300222370D3
:10499000782180440094D43B28000297019601F0CE
:1049A00059F9F02300222370782180440094EF3BD2
:1049B00028000297019601F04DF9D92300222370B7
:1049C000782180440094D83B28000297019601F09A
:1049D00041F9222300222370782180440094213B56
:1049E00028000297019601F035F9DA23002223709E
:1049F000782180440094D93B28000297019601F069
:104A000029F9522300222370782180440094513BDD
:104A100028000297019601F01DF9DB230022237084
:104A2000782180440094DA3B28000297019601F037
:104A300011F94B46002223707821804400941F3BDB
:104A400028000297019601F005F98D2300222370BA
:104A50007821804400948C3B28000297019601F055
:104A6000F9F8142300222370782180440094133B2A
:104A700028000297019601F0EDF8AF2380442370DF
:104A8000002200947821280002970196AE3B01F0A5
:104A9000E1F84044041E13D182220021D2000948CB
:104AA00003F016FD2800FFF743FE0020064B1C60B4
:104AB0005E7107B0F0BCBB46B246A946A046F0BD49
:104AC0000120F6E79C03002094030020F0B5DE46A9
:104AD00057464E464546E0B50C0A91B00393E3B203
:104AE0001C000693734B0E910F92C9B21A88002CCA
:104AF0006DD026000400203C7443D6B208969E7800
:104B00000F9DB3461E790996002960D064002D19C7
:104B10000024A246684C9946A0465C464646834619
:104B2000A8460D923F2C44D843461888E3089C467B
:104B30009B01059363445B000193072301222340FB
:104B40009A40D543099B0492EDB2002B48D18027AF
:104B50000B9464460022089B3F020A940795029634
:104B600015E0812B0ED8039C012C00D184E0019D1F
:104B7000029CAC469C4465462D5D079C029E2540E8
:104B80006446355501330132DBB291420FD905003D
:104B900095403D42E5D1812BF4D8039D002D00D1F5
:104BA00078E0019C029DA4469C446446E4E70B9C8B
:104BB000029E01239C460133E2449C46069B01343D
:104BC000E044E4B29A45ADD358464B460D9A891855
:104BD000198011B0F0BCBB46B246A946A046F0BD54
:104BE00080270B9464460022089B3F020A94079595
:104BF000029614E0812B0DD8039D002D1ED1019D3E
:104C0000029CAC469C4465462D5D079C029E254057
:104C10006446355501330132DBB28A42C7D2050002
:104C200095403D42E6D0812BF4D8039C002C13D054
:104C3000019C029DA4469C446446E5E70A9C059DB0
:104C4000A44665441C4C6D00EE18A55D0C94049CB4
:104C500025430C9CA555DDE70A9C059DA446164CF2
:104C6000654426006D00ED180C95655D049C254398
:104C700034000C9EA555CDE70A9C059DA4466544CD
:104C80000D4C6D00EE18A55D0C94049C25430C9C06
:104C9000A55577E70A9C059DA446074C6544260068
:104CA0006D00ED180C95655D049C254334000C9E49
:104CB000A55567E7940300209C03002030B583B01E
:104CC00000910192040000781D00002804D10EE03C
:104CD0006078013400280AD0019A2B000099FFF770
:104CE000F5FE22789042F3D0100003B030BD0022D0
:104CF000FAE7C046024B0230C0B2188059807047B4
:104D0000940300200121054B5A6B0A435A63802209
:104D1000996B52050A439A637047C04600100240DF
:104D2000FEE7C046FEE7C0467047C0467047C04633
:104D300010B500F057FB10BD10B5024802F06EFB35
:104D400010BDC046F00700200120704710B503F0E9
:104D500019FC162303600120404210BD10B503F07A
:104D600011FC16230360FEE770B5161E07DD0C006C
:104D70008D1800E000BF20700134AC42F9D1300042
:104D800070BDC04670B5161E07DD0C008D1820786A
:104D9000013400E000BFAC42F9D1300070BDC04624
:104DA000012040427047C04680239B0100204B6099
:104DB0007047C04601207047002070470C490D4ADB
:104DC0000300521A0C4910B50868002804D0C31813
:104DD000934206D80B6010BD0848C3180860934280
:104DE000F8D903F0CFFB0C23036001204042F2E727
:104DF0000004000000200020AC07002080090020F3
:104E00007047C04610B582B008220021684603F002
:104E10005FFB114C114B632223604023FF3363601F
:104E200000232000A360E260636102F089F800289B
:104E30000BD100220023694620000092019302F06A
:104E40007BFB002804D102B010BDFFF737FCF0E770
:104E5000FFF734FCF7E7C046F007002000100040E1
:104E600010B592B01022002104A803F031FB0822F3
:104E7000002102A803F02CFB1022002108A803F057
:104E800027FB324C324B632223604023FF336360A5
:104E900000232000A360E2602361636102F050F808
:104EA00000282FD1802320005B0104A9049302F085
:104EB000FDF9002832D1200002F0B6F800282AD1EE
:104EC00000220023200002A90292039302F034FB87
:104ED00000281DD16023089300230022200008A988
:104EE00009930A930B9302F02BF900280DD1142299
:104EF00000210CA803F0ECFA154B22689A4210D05E
:104F000012B010BDFFF7DAFBCCE7FFF7D7FBEEE7F7
:104F1000FFF7D4FBDEE7FFF7D1FBD1E7FFF7CEFBCE
:104F2000C9E702230B4A0C48D16A1943D162D26AFD
:104F30000CA9134001938022019B022392010C9241
:104F40000D930623109300F0C1FAD9E7B0070020B3
:104F500000080140001002400004005003680E4A9F
:104F600010B5934209D00D4A934200D010BD0421E0
:104F70000B4A536B0B435363F8E71021084A112087
:104F8000936B0B4393630021002200F04FFA112032
:104F900000F076FAEAE7C046001000400008014041
:104FA0000010024010B5030086B00800002B11D09D
:104FB00000290FD0642419601A719C6002230193A8
:104FC00005AB5100009301220123029400F0CCFFB5
:104FD00006B010BD0120FBE770B503000C0086B0E1
:104FE000002827D0002925D000229B6805AE3280FA
:104FF0000179006802930223490001930096013B66
:1050000000F0B2FF051E12D18022338812015BBA74
:105010009BB21B09134202D0F0221202134318B2B2
:10502000FCF7BAFBF6218905FBF7D8FF20602800C2
:1050300006B070BD0125FAE770B5040086B008001F
:10504000002C38D0002936D0162564230126227181
:1050500052006D44D2B22160A36091B20293032248
:105060000095633B019600F07FFF30222B7820688B
:1050700093432D3A13432B7017256D442B702179E0
:10508000A3684900C9B289B2029301960123009531
:1050900000F0E0FD00232B702179A3684900C9B21C
:1050A00020680722029389B201230196009500F03F
:1050B0005BFF06B070BD0120FBE7C046F0B51624CB
:1050C00000230500012787B06C4423700E1C017972
:1050D000AB684900C9B200680422029389B2012377
:1050E0000197009400F040FF00284BD17C232278E8
:1050F0002868134003221343237017246C44237041
:105100002979AB684900C9B2029389B2012301979A
:105110000094013200F09EFD002833D12749301C55
:10512000FBF75CFF2649061CFBF7D0F900282BD0C3
:10513000002006F07BFE802306001B01984231DB35
:10514000204E012726702979AB684900C9B228682A
:105150000022029389B201230197009400F07AFDA6
:1051600000280FD1B6B2360A26702979AB684900FB
:10517000C9B228680122029389B2012301970094E1
:1051800000F068FD07B0F0BD0F49301CFBF7B2F925
:1051900000280BD00D4806F049FE802306001B01B5
:1051A0009842CDDAC343DB171E40CAE70449301CDE
:1051B000FCF76EF80649FBF743FDBAE7B003673D1D
:1051C000EC51383DFF0700009A99993FE0C1FF4438
:1051D000F4FA133A30B5040087B0081C1C49FBF7F9
:1051E000FDFE0021051CFBF785F9002822D0FC21DB
:1051F000281C8905FBF732FB1649051CFBF77AF9D9
:1052000000281DD0144806F011FE802317225B42AF
:105210006A4403431370A368217920680293012331
:105220004900C9B2009289B20222019300F012FD36
:1052300007B030BD0021281CFBF748F9002804D135
:10524000291C281CFBF70AFBDDE70020DBE7C04632
:105250000000204100007E420000FE4270B516248E
:105260000023050086B06C44237003790E005B00B8
:10527000DBB299B2AB680068029301230622019366
:10528000009400F071FE002819D12378002E18D167
:105290007F221340122293430E321343093A6A4489
:1052A00013702370AB6829792868029301234900A1
:1052B000C9B2009289B20622019300F0CBFC06B07D
:1052C00070BD80221343E5E770B503000C0086B083
:1052D000002921D01725002201266D442A7001796A
:1052E0009B684900C9B2006889B202930196012304
:1052F0000095073200F038FE00280BD12B78DA0930
:1053000022709A09324062705A09164003221340F3
:10531000A670E37006B070BD0120FBE70D4885461E
:10532000FFF76EFD0C480D490D4A002302E0D458EA
:10533000C4500433C4188C42F9D30A4A0A4C0023DF
:1053400001E013600432A242FBD303F021F9FEF71F
:10535000AFFDFEE70020002000000020EC0100204F
:105360000CDA0008EC01002080090020FEE70000B4
:1053700070B50400FA200E4B80001978FAF7E0FEB1
:105380000C4D01002868FAF7DBFE00F085F80028D4
:105390000CD10130032C00D970BD0238002221004D
:1053A00000F044F8044B00201C60F5E70120F3E70F
:1053B0001C00002018000020200000204021084A86
:1053C00010B5136803200B431360FFF7D1FF041ED1
:1053D00002D00124200010BDFFF794FCFAE7C0467C
:1053E00000200240034A044B11681B785B181360CD
:1053F0007047C046300800201C000020014B186890
:105400007047C0463008002070B50400FFF7F6FF73
:105410000500631C02D0044B1B78E418FFF7EEFF75
:10542000401BA042FAD370BD1C000020FF220323C2
:1054300010B514000340DB009C4089010A40E4439E
:105440009A4000280BDB0C4BC0219C468008800052
:1054500060448900435823401343435010BD0F2339
:10546000064903408C46083B9B089B006344D9696E
:105470000C401443DC61F1E700E100E000ED00E0E6
:10548000002805DB1F22012302409340014A1360DC
:105490007047C04600E100E08022431E5204012014
:1054A00093420ED2C021074A07485360036A090697
:1054B0001B021B0A0B430362002300209360073387
:1054C0001360704710E000E000ED00E0F0B5DE464C
:1054D00057464E464546E0B50A688B4685B0002AD9
:1054E0006DD0A0210023C905884200D1C8E0012168
:1054F00099408C4611408A4661460A425BD003259A
:1055000059465E00B5404C680321ED4321404F1ED3
:105510000195012F5AD9032900D065E1B1400768F0
:10552000019D3D4029430160C02189020C4242D0C7
:1055300001260F27BC4D696B31436963BB4D0236B1
:10554000AC461E40B600B7409908890061448D689A
:10555000BD43B74FB84200D18EE0B64FB84200D13C
:1055600079E0B54FB84200D136E1B44FB84200D12E
:1055700036E10627B7403D4380268D605546B04949
:105580007603ED438968344200D072E02940AC4E86
:10559000B160F168A60269D42940A94EF160716832
:1055A000A60360D42940A64E71603168E40356D446
:1055B0002940A34C216011000133D94097D105B097
:1055C000F0BCBB46B246A946A046F0BD87682F4056
:1055D000B9465F46FF68B740B8464F4645462F4339
:1055E000876045682F006546AF432509B8462F0000
:1055F00001252F409F40BC46474665462F434760E4
:10560000C5682F00019D2F405D46AD68B8462F004C
:10561000B740BC46474665462F43C760022900D0C5
:105620007CE7DD08AD00AC46844465462F6A07255B
:105630001D40AD00A84602970F254746BD40029F7A
:10564000AF435D46029747462D69BD40029F2F43F9
:1056500065462F6262E70227B7403D438CE7544618
:105660000C432100A5E7564631439CE7564631439B
:1056700093E7564631438AE70127B7403D437BE72E
:1056800001218A46594602913EE0032900D0B8E044
:10569000B1400768019D3D4029430160C021890256
:1056A0000C422CD05646604D0F27696B31430326C0
:1056B00069635E4D1E40AC46B600B740990889004C
:1056C00061448D68BD438D605D465D49ED438968E9
:1056D000E6027ED429405A4EB160F168A60275D424
:1056E0002940574EF1607168A6036CD42940544E8E
:1056F00071603168E40362D42940514C216011008B
:105700000133D94000D15AE7514699408C461140A7
:105710008B4661461142F2D003255E00B5400299E6
:10572000ED434C68032121404F1E0195012FACD859
:1057300087682F40029DB946EF68B740B8464F468C
:1057400045462F43876045682F006546AF432509CE
:10575000B8462F0055462F409F40BC4647466546F9
:105760002F434760C5682F00019D2F40029DB8461A
:10577000AD682F00B740BC46474665462F43C7601B
:10578000022985D1DD08AD00AC46A025ED05A8466F
:10579000C44465462F6A07251D40AD00A9460397FE
:1057A0000F254F46BD40039FAF4303974F46029DD1
:1057B0002D69BD40039F2F4365462F6268E75C4615
:1057C0000C43210099E75E46314390E75E46314342
:1057D00087E75E4631437EE70327B7403D43CBE68C
:1057E0000527B7403D43C7E62F00C5683D40A846A2
:1057F0005D46AD68B540AC46454667463D43C5602D
:105800008CE62F00A025ED05A846ED683D40A94691
:10581000029DAD68B540AC464D4667463D43AC463B
:1058200045466746EF6033E7001002400000014044
:105830000004005000080050000C0050001C0050F4
:105840000004014000690840431E9841C0B27047FF
:10585000002A01D0816170478162FCE7F8B55746A4
:105860004546DE464E461024E0B580460F0092467F
:10587000036802252E009A691640154200D07AE08E
:10588000210000209A6984461140144210D0DC6146
:105890007A1C00D073E09A69920603D420219A6999
:1058A0001142FCD02022DA610122042194463143C6
:1058B00080209A694000024234D0012446462143A8
:1058C000D861500504D5082001438020C000D8616C
:1058D000920504D502221143FF32FF32DA619A6940
:1058E000920701D500229A6201229869024202D1F0
:1058F000986902439A615A68474802405A60736C3B
:1059000020220B4373644123F25400220133F254EA
:10591000402300220120F254F0BCBB46B246A94607
:10592000A046F8BD500501D54646CCE7920501D505
:105930004646CFE76246002A1FD17A1C9AD0FFF76D
:105940005DFD5346C01A43461B68B84202D8002F7B
:1059500000D08EE7022108009A691040114200D061
:1059600087E746462022736C134373644123F25445
:105970000133F054CCE70020CEE74646AFE72022C3
:1059800091463A00B34657464646904649469A697C
:1059900011423CD1FFF732FDC01B804502D3434684
:1059A000002B29D1422233685868B25C9969D2B27F
:1059B00094468022120211420FD08021C901084270
:1059C0000BD16246202A08D05A6811435960FFF76C
:1059D00015FD3368070000E0336849469A691142B3
:1059E000D4D1FFF70BFDC01B1928F5D93368474602
:1059F0009A69B046202657E7494633689A691142AA
:105A000005D1FFF7FBFCC01B8045F5D2CAE747462E
:105A1000B0465E4646E7C04600E800FEF8B54E4692
:105A200057464546DE46036891469A69E0B520240C
:105A300005000F001026920663D4320000209969F9
:105A400084460A400E420BD0DE617A1C63D19A690B
:105A50001442FCD00022DC6104210A4303398C4645
:105A6000802099694000014233D00124D86122434B
:105A7000480504D5082002438020C000D86189056C
:105A800004D502210A43FF31FF31D96199698907A1
:105A900001D50021996201219869014202D19869DA
:105AA0000143996159683E48014059606B6C13434A
:105AB0006B6420224123EA5400220133EA5440233C
:105AC00000220120EA54F0BCBB46B246A946A046DB
:105AD000F8BD4805CED48905D3D461460029D5D177
:105AE000FFF78CFC4B46C01A2B68B84201D8002F38
:105AF00004D121009A691140144204D09A691442D9
:105B00009BD00020DFE76B6C23436B644123EC5494
:105B10000133E954D3E7202290462232CA46934605
:105B200041469A69114295D1FFF768FC5346C01A65
:105B3000874201D3002F26D15A462B685868AA5CA9
:105B40009969D2B294468022120211420DD080216E
:105B5000C901084209D16246202A06D05A68114379
:105B60005960FFF74BFC82462B6841469A69114207
:105B7000D6D1FFF743FC5346C01A2B681928F4D935
:105B80009A69202268E741462B689A69114200D041
:105B900060E7FFF733FC5346C01A8742F3D2CBE7E6
:105BA00000E800FE10B5041E4CD04123C35CDAB2FD
:105BB000002B42D0412324220121E2542368A06813
:105BC0001A688A431A60204962680A401A619A6812
:105BD0001E490A409A60E268012A29D084210902FC
:105BE00001439960022A02D1802212015A60596849
:105BF000174A00200A435A60DA6814490A40DA60FA
:105C0000616922690A43A16909020A43DA60216ACB
:105C1000E2690A4301211A601A680A431A600023E4
:105C200041221F316364A15401322363A35410BD88
:105C30008022120202439A60D9E74033C254FDF732
:105C40008DFFB7E70120F2E7FFFFFFF0FF7FFFFFC7
:105C500000800002F8B55746DE464E464546E0B5A0
:105C600098460AAB914604CB04001B880F009B4664
:105C70004123C35C9246202B00D0A2E0002A00D131
:105C80009AE05B46002B00D196E04023C25C012ADB
:105C900000D196E001228026C254FFF7AFFB2368B3
:105CA00036029A69050032420CD0FFF7A7FB236841
:105CB000401B192803D99A69324200D088E09A69BA
:105CC0003242F2D141222121A15401321F31A1548B
:105CD00051460022616259466264626342466185B0
:105CE00059689C48D2B20140BF0512040A43BF0D57
:105CF00099493A430A435A6020002A000C99FFF759
:105D0000ADFD002800D0E2E043462268012B00D020
:105D1000B3E04B46DBB293620C9B8026013300D08C
:105D2000BAE0802193691942FCD0638DFF2B00D823
:105D3000DCE0FF238949238553680B4088493B43B6
:105D40000B4353600C9B8026013304D05EE0638DCF
:105D5000002B00D1D9E001212A0020004942FFF7A1
:105D60007DFD00282BD1636A226819780133916286
:105D70006362638D013B9BB26385238D618D013B23
:105D80009BB223850029E2D0002BE0D193691E420B
:105D9000FCD0638DFF2B00D99EE0638D6F489BB2D2
:105DA00051682385DBB21B0401403B430B43802138
:105DB00089040B435360CAE780239B00636401207E
:105DC00000E00220F0BCBB46B246A946A046F8BDA2
:105DD0002022636C0120134363644123E2540023B7
:105DE0002232A354023AA354ECE7638DFF2B00D870
:105DF000A1E0FF235949238553680B4058493B4391
:105E00000B435360638D002B00D17EE02A002000FD
:105E10000C99FFF723FD0028D1D1636A2268197815
:105E2000013391626362638D013B9BB26385238D75
:105E3000618D013B9BB223850029E3D0002BE1D18A
:105E400093691E42D1D1FFF7D9FA0C9B2268401BFF
:105E5000834201D3002BF3D13100936919401E42D4
:105E6000EED12022636C0120134363644123E2548A
:105E70000133E154023BE154A4E74B461B0A936211
:105E800020002A000C99FFF7E9FC00281FD14B469F
:105E90002268DBB293623FE793691E4200D044E779
:105EA000FFF7ACFA0C9B2268401B834201D3002B06
:105EB000F2D180200100936919401842ECD12022D0
:105EC000636C134363644123E2540133E154402380
:105ED00000220120E25475E7FF23204923855368FF
:105EE0000B401F493B430B43536030E7638D1B4816
:105EF00051689BB223850140DBB239431B040B433D
:105F0000802189040B4353601CE72A0020000C9970
:105F1000FFF784FD002800D051E720212368114DB0
:105F2000D9615A682A405A604123E1540133E05450
:105F3000023BE05446E7638D084851689BB22385D5
:105F40000140DBB239431B040B43802189040B431E
:105F5000536057E7009800FC00200001009C00FC03
:105F60000000FF0100E800FEF8B55746DE464E4649
:105F70004546E0B598460AAB914604CB04001B8821
:105F80000F009B464123C35C9246202B00D08CE03F
:105F9000002A00D184E05B46002B00D180E0402342
:105FA000C25C012A00D180E001228025C254FFF7A3
:105FB00025FA23682D029A6906002A420CD0FFF7C1
:105FC0001DFA2368801B192803D99A692A4200D038
:105FD00072E09A692A42F2D141222221A15401326F
:105FE0001E31A154514600226162BF0559466264C8
:105FF0006263BA0D92464246618559689248D2B2B0
:10600000014012040A4351460A43802189010A4390
:106010005A60200032000C99FFF720FC002800D0C5
:1060200080E043462168012B53D14B46DBB28B62A3
:106030000C9B402501335BD140228B691A42FCD076
:10604000638DFF2B00D8B9E0FF237F4A23854B687F
:106050001340524613437D4A13434B600425802767
:106060000C9B013300D087E08B691D42FCD04A6A4B
:10607000636A1A70628D636A013A013392B2636295
:10608000238D6285013B628D9BB22385002A01D05E
:10609000002B4CD0638D002B00D19EE02168DFE700
:1060A00080239B006364012000E00220F0BCBB461B
:1060B000B246A946A046F8BD2022636C01201343D6
:1060C00063644123E25400232232A354023AA354CE
:1060D000ECE74B461B0A8B62320020000C99FFF75D
:1060E000BDFB00281ED14B462168DBB28B629FE7C7
:1060F0008B691D42A4D1FFF781F90C9B2168801B9D
:10610000834201D3002BF3D1402210008B69184049
:106110001A42EDD1636C203A134363644123E25485
:106120000133E054402300220120E254BEE70C9BDF
:106130002268013367D193691F42FCD0638DFF2B26
:106140000AD9FF234249238553680B4051460B432C
:1061500040490B4353609DE7638D3D4851689BB2B6
:10616000014050462385DBB201431B040B438021D1
:1061700089040B4353608DE7042399464A468B6993
:106180001A4200D073E7FFF739F90C9B2168801B96
:10619000834201D3002BF1D1042002008B691A4005
:1061A0001842EBD12021636C01200B43636441232F
:1061B000E1540133E254023BE25477E7638D224815
:1061C0004A689BB2024050462385DBB202431B045F
:1061D0001343214A13434B6040E7320020000C99DF
:1061E000FFF71CFC002800D05DE7202123681B4D31
:1061F000D9615A682A405A604123E1540133E0547E
:10620000023BE05452E7802399464946936919427C
:1062100094D1FFF7F3F80C9B2268801B834201D3D3
:10622000002BF2D180200100936919401842ECD173
:106230002022636C0120134363644123E254013341
:10624000E154023BE15431E7009800FC0024FF01D7
:10625000009C00FC0000FF010024000200E800FE9A
:10626000F0B54124035D8C46DDB2202B1AD14026C7
:10627000835D012B16D024230127035503680A49A7
:106280001A68BA431A601A680A401A6062461968A6
:10629000114319601A683A431A6000230555835563
:1062A0000020F0BD0220FCE7FFEFFFFFF0B5CE4677
:1062B0004746412480B5035DDDB2202B1FD1402627
:1062C000835D012B1BD02423012703550268B946A7
:1062D00013680902BB431360136898464746094B8D
:1062E0001F4039431160494613680B431360002374
:1062F000055583550020C0BCB946B046F0BD02200C
:10630000F9E7C046FFF0FFFF0121044A536B0B433E
:106310005363034A536803435360704700100240BD
:10632000000001408023034A5B0011680B431360A7
:106330007047C046007000400C231D4970B5CA6804
:106340001340082B26D00C2B0DD0042B24D1102069
:106350000B68184043425841164B40421840164BB8
:106360009C46604470BD930214481202CD681B0F16
:10637000940FC05C0134ED0316D40B68DB0615D511
:106380000D4A00230021FAF7E9F822000023FAF76A
:10639000C5F8E7E70A48E5E780204B6800021B04E0
:1063A0005B0F01339840DDE7054AEAE7054AE8E775
:1063B00000100240001BB70000093D00ACD50008EA
:1063C00000127A000024F400F0B5D6464F46464647
:1063D000C0B5040082B0002800D1CCE2CC4B0C2523
:1063E000DA68DE6880235B021E4003681540DA0726
:1063F00033D5082D00D1AAE10C2D00D1A4E18021D4
:10640000636849028B4200D1ADE1A022D2029342DF
:1064100000D14CE2BE4FBF483A6802403A603A6849
:106420000A400192019ABC493A680A403A60002B3E
:1064300000D09CE1FEF7E2FF80239B028046994654
:1064400006E0FEF7DBFF4346C01A642800D9CFE11F
:106450004A463B681342F4D123689A0727D5E3687C
:10646000042D00D101E10C2D00D1FBE0A84E002B42
:1064700000D1D4E1092132688A4313433360FEF727
:10648000BDFF04230700984605E0FEF7B7FFC01BD9
:10649000022800D9ACE1424633681A42F5D072684E
:1064A00023699E491B020A40134373602368DA067E
:1064B0002ED5002D00D000E1954B1B689B0503D520
:1064C000E369002B00D156E2914895494268636A1E
:1064D0000A401A4342604168226A0902090A120608
:1064E0000A43426080225B0B013312029A40130080
:1064F000C1688C480A06120F825C8B4ED340336011
:106500008A4B1868FEF734FF002800D0A4E0236807
:106510001A0719D563697E4E002B00D16AE101226A
:10652000336D13433365FEF769FF02230700984676
:1065300005E0FEF763FFC01B022800D958E1424680
:10654000336D1A42F5D023685A0743D580230020C3
:106550006F4A5B05916B8246194204D1916B0B43E4
:10656000936301239A468027714E7F0033683B4234
:1065700000D12DE18022A3685200934200D1DCE1DA
:10658000002B00D108E1A021C9008B4200D1F4E129
:106590005F4B68491A6D0A401A651A6D66490A40D0
:1065A0001A65FEF72BFF8027594B06009846634B70
:1065B000BF00994605E0FEF721FF801B484500D942
:1065C00016E143461B6D3B42F5D05346012B00D1EB
:1065D00077E123689B0621D5A3694D4E002B00D19E
:1065E0004CE10122B3681343B360736B13437363CD
:1065F0008023534A9B01116A0B431362FEF7FEFE90
:1066000002230700984605E0FEF7F8FEC01B0228AB
:1066100000D9EDE04246B3681A42F5D0A36A002BD8
:1066200019D00C2D00D18DE1022B00D150E1384E54
:10663000444A3368802513403360FEF7DFFEAD0423
:10664000040005E0FEF7DAFE001B022800D9CFE0C7
:1066500033682B42F6D1002002B0E0BCBA46B14606
:10666000A846F0BD002E00D000E7294A1268520764
:1066700002D5002B00D17EE1254E226971682748A2
:10668000120201400A430921726032688A431343AF
:106690003360FFF751FEF368224A1B061B0FD35CE1
:1066A0002149D840214B08601868FEF761FE002898
:1066B000D2D12368DA0600D42AE7E369144E002B0E
:1066C00000D1C5E0802332685B0013433360FEF7DE
:1066D00095FE80239B000700984605E0FEF78EFE9E
:1066E000C01B022800D983E0424633681342F5D02C
:1066F00073680B4A1340626A134373607268236ABB
:1067000012021B06120A13437360236800E7C04697
:1067100000100240FFFFFEFFFFFFFBFFFFE0FFFF57
:10672000FF1FFFFFB8D50008180000202000002040
:1067300000700040FFFEFFFFFFFBFFFF881300001B
:1067400000000140FFFFFFFE002E00D157E6904AF7
:106750001268920303D56268002A00D10BE19A0700
:1067600072D5E3687FE68A490A6813430B60FEF737
:1067700045FE874B0700994680239B02984604E01C
:10678000FEF73CFEC01B642832D84B4642461B68CD
:106790001342F5D0236860E67D4E7E4A336D134088
:1067A0003365336D7C4A13403365FEF727FE802343
:1067B0009B009846794B0700994604E0FEF71EFEC1
:1067C000C01B484514D84246336D1342F6D1FCE64F
:1067D00033683B433360FEF711FE804633683B422B
:1067E00000D0C7E6FEF70AFE4346C01A6428F5D972
:1067F000032031E70122336D93433365FEF7FEFD3D
:1068000002230700984604E0FEF7F8FDC01B0228AB
:10681000EED84246336D1A42F6D1236894E601223F
:10682000336893433360FEF7E9FD0423070098467D
:1068300004E0FEF7E3FDC01B0228D9D842463368C6
:106840001A42F6D1236832E6DA0600D535E75FE66C
:106850003368504A13403360FEF7D0FD80239B001D
:106860000700984604E0FEF7C9FDC01B0228BFD808
:10687000424633681342F6D1236849E60122B368E1
:1068800047499343474AB360136A0B401362FEF7CC
:10689000B5FD02230700984604E0FEF7AFFDC01BDC
:1068A0000228A5D84246B3681A42F6D1B6E680223D
:1068B000374BD202186802431A601A680A431A60FA
:1068C00055E7334A3849936B0B409363236881E65D
:1068D0002F4D364A2B68802713402B60FEF78EFD24
:1068E000BF04060005E0FEF789FD801B022800D9E1
:1068F0007EE72B683B42F6D1216BE36AEA680B43E3
:106900002B49234E0A401343626B1343EB608023F1
:106910002A685B0413432B60FEF770FD802504009A
:10692000AD0405E0FEF76AFD001B022800D95FE711
:1069300033682B42F6D000208EE6154A116D0B43CA
:1069400013652EE6012B16D08022114BE16ADB681D
:1069500052021A408A420ED1F022216B92031A4051
:106960008A4208D1C022606B12041340181A431ED9
:106970009841C0B270E601206EE6054B0139186DF2
:10698000FF3901431965196D0A431A6509E6C046C6
:1069900000100240FFFEFFFFFFFBFFFF8813000017
:1069A000FFDFFFFF00000140FFFFFFEFFFFFFFFEE3
:1069B000FFFF02FFF8B5CE46474605000C0080B544
:1069C000002866D001226A4E336813408B4262D39E
:1069D0002B689A0706D5F0206649CA688243A868E2
:1069E0000243CA60DB072DD5624B6A681B68022A26
:1069F0004DD0032A00D16FE0012A00D1A3E09B050E
:106A000047D503215B4EF3688B431343F360FEF7D6
:106A1000F5FC6B680700022B00D174E0032B00D15A
:106A200081E0012B00D193E00C239846524B99460C
:106A300004E0FEF7E3FCC01B484542D84246F36839
:106A40001A42F6D101224A4E33681340A34247D876
:106A50002B685A0706D547494848CA680240E86883
:106A60000243CA601B072ED4FFF766FC414B444A21
:106A7000DB6844491B061B0FD35CD840424B0860BF
:106A80001868FEF775FCC0BCB946B046F8BD9B035C
:106A9000B7D40120F7E7336893430B433360FEF725
:106AA000ADFC01239846344B0700994642463368B3
:106AB0001340A34200D18BE7FEF7A0FCC01B484562
:106AC000F4D90320DFE72B492B69CA682F48DB0084
:106AD00002401343CB60C7E79B0192D40120D2E769
:106AE0003368012793433360FEF788FC224B040090
:106AF000984633681F42ABD0FEF780FC001B404530
:106B0000F7D90320BFE70A3398461B4B994604E0A8
:106B1000FEF774FCC01B4845D3D84246F3681340C7
:106B2000082BF5D18EE709339846134B994604E0BC
:106B3000FEF764FCC01B4845C3D84246F3681340C7
:106B40000C2BF5D17EE75B0700D55AE701209AE7C9
:106B50000B339846084B994604E0FEF74FFCC01BE8
:106B60004845AED84246F3681340042BF5D169E797
:106B7000002002400010024088130000FFF8FFFFD1
:106B8000B8D500081800002020000020FFC7FFFF34
:106B90008222F8B5CE46474603681201040080B54C
:106BA000134266D080230020944A5B05916B804697
:106BB000194200D199E08026914D76002B6833422E
:106BC00000D19EE08D4BC0211A68636889031800CC
:106BD0000A400840904200D1D4E0C022190092023D
:106BE0001140914200D1F2E0844EC021306D890203
:106BF000050022680D40084200D1A5E00B40AB42E1
:106C000000D1C5E0930600D4C2E08025336D376D16
:106C10002D033D433565356D7A487B4F18403D4027
:106C200035653065DB0500D57CE0120508D5A06828
:106C300003000B408B4200D1D0E0326D134333652B
:106C40006268C021130089020B408B4208D16B4857
:106C50006E4D01682940C025AD032A400A430260F9
:106C6000664A116D0B4313654346012B00D182E048
:106C70002368DA0706D503206049CA6C8243E068BE
:106C80000243CA649A0706D50C205C49CA6C824349
:106C900020690243CA645A0706D558495C48CA6C41
:106CA000024060690243CA641A0706D5534959482D
:106CB000CA6C0240A0690243CA645A0606D54F490D
:106CC0005548CA6C0240206A0243CA641B0604D4B9
:106CD0000020C0BCB946B046F8BD484A4F49D36C05
:106CE0000B40E1690B43D364F2E7916B80260B43C1
:106CF00093630123424D98462B687600334200D0BF
:106D000060E72B6833432B60FEF778FB07002B68A6
:106D1000334200D056E7FEF771FBC01B6428F6D95A
:106D20000320D6E7FEF76AFB80263D4B0500994617
:106D3000324FB60004E0FEF761FB401B4845EFD838
:106D40003B6D3342F7D022682023134012050BD548
:106D5000C021A06889020140C022920291423ED027
:106D60002648026D0A430265002B00D068E74346BF
:106D7000012B00D07CE7214A2A49936B0B40936397
:106D8000236876E7A2680A40824200D025E72BE715
:106D9000C021A06889020140A942D5D013052AD597
:106DA000164B184E1D6D1F6D2E40BC468027B146F8
:106DB00066463F0337431F651F6D134E37404E46EF
:106DC0001F651E65ED05ADD420231340C4E70B4AB3
:106DD0001268920300D407E701207AE72023074DC9
:106DE0000A492A680A40C021890301400A43C02198
:106DF0002A608902B4E720231340B5E7001002405F
:106E000000700040FFFFFCFFFFFFF7FFFFFFCFFF19
:106E1000FFF3FFFFFFCFFFFFFFFFFFFBFFFFF3FFCE
:106E200088130000FFFFFFEFF8B5041E69D021238F
:106E3000C35CDAB2002B0BD021230222E254236878
:106E4000DA68D2060FD5212301220020E254F8BDD2
:106E50002033C254FDF74EFC21230222E254236862
:106E6000DA68D206EFD4CA2240265A62773A5A62CA
:106E7000DA68164226D09A682F4920690A409A603B
:106E8000626899680243A06902430A439A60E26813
:106E90001A61A268196912040A4380211A61DA682A
:106EA0008A43DA609A6892062DD50321DA6C60690C
:106EB0008A43DA64E269D96C02430A43DA64FF2246
:106EC0005A62C0E78021DA680A43DA60FEF796FA70
:106ED00023680500DA681642CDD1FA264027B600AD
:106EE00003E02368DA681742C5D1FEF787FA401B32
:106EF000B042F6D921230422E2542368DA68FF2243
:106F00005A620120A3E70D4AFA27DA60FEF776FA03
:106F100020260500BF002368DA681642C5D1FEF7B7
:106F20006DFA401BB842F6D9212204212368A154EE
:106F3000DE3201205A628AE7BFFF8FFF5F7F0100C8
:106F400010B5041E39D03923C35CDAB2002B2FD020
:106F5000392302228021E2542268C90513688A423B
:106F600005D017498A4202D016498A4207D17021BA
:106F70008B43A1680B4314490B4021690B438021CB
:106F80008B43616900200B431360E368D36263683D
:106F90009362012353613E22A354043AA354013265
:106FA000A3540132A3540132A354043AA35410BD94
:106FB0003833C254FDF7D2FFCAE70120F7E7C046D5
:106FC0000008014000140140FFFCFFFF392110B50B
:106FD000425C0300D4B20120012A13D101325A5479
:106FE0001B68DA682243DA608022D20593420AD015
:106FF0000A4A934207D00A4A934204D01A682243AD
:107000001A60002010BD072299680A40062AF8D0AD
:1070100001211A6800200A431A60F3E700080140C2
:10702000001401407047C04610B5041E39D0392302
:10703000C35CDAB2002B2FD0392302228021E25424
:107040002268C90513688A4205D017498A4202D0CE
:1070500016498A4207D170218B43A1680B4314491A
:107060000B4021690B4380218B43616900200B4356
:107070001360E368D36263689362012353613E2225
:10708000A354043AA3540132A3540132A35401324D
:10709000A354043AA35410BD3833C254FFF7C2FFBF
:1070A000CAE70120F7E7C04600080140001401408C
:1070B000FFFCFFFF002921D13A23C25C012A25D120
:1070C0000222C25403681F2201200A40010091409D
:1070D0000A00196A91431962196A0A431A628022E6
:1070E000D205934214D0144A934211D0134A9342CA
:1070F0000ED01A6802431A6000207047042911D08C
:10710000082914D03D23C25C012AD9D00120F4E71C
:10711000072299680A40062AEED001211A680A431C
:107120001A60E9E73B23C25C012AC9D0EEE73C23A1
:10713000C25C012AC4D0E9E7000801400014014004
:1071400003003820F0B51C5C012C00D1A0E0012424
:107150001C54082A00D179E02DD8002A55D0042AE1
:1071600051D110241A68106AA0431062156A494C64
:107170005668906920400C6824020443202085430F
:1071800088685660000194614C68284394631062DB
:107190008020946900012043906190693E4CC96849
:1071A00020409061906909020143916100203822DA
:1071B00000219954F0BD0C2A25D11A68374C106A69
:1071C00020401062156A334C5668D06920400C6824
:1071D0002402044332480540886856600003D461A5
:1071E0004C682843146410628020D4690001204355
:1071F000D061D069284CC9682040D061D0690902AB
:107200000143D161D2E70120D1E773261A68106AE1
:10721000A0431062106A55689469B4430E68344301
:107220000226B0438E68556094614C6830435463C5
:10723000082410629069C968204390619069043CF9
:10724000A0439061906901439161AFE71868154DC3
:10725000046A2C4004627324066A4768C569A54322
:107260000C682543104C26408C6847602402C56199
:107270004D683443C5630462C469C9682243042469
:10728000C261C269A243C261C2690A43C2618DE799
:1072900002208FE7FF8CFFFFFFFBFFFFFFEFFFFFE9
:1072A000FFDFFFFFFFFEFFFFFFFDFFFF382270B58E
:1072B0000300805C012800D16FE0012402209C546F
:1072C000013298541A684E4D9068284090600868C2
:1072D000602800D17AE00BD8402860D029D8202837
:1072E00053D050D8102104008C434ED0012019E017
:1072F00080246401A04214D08024A401A04231D093
:107300007028F3D194683F484D6804408868C96884
:10731000284309020143772021439160916801438A
:10732000916000203922012199540021013A995499
:1073300070BD5028DAD1156A166A4868A643C96834
:107340001662F02694690901B44321430A24A54337
:10735000284391611062702091688143193801437C
:107360009160DEE7946827484D6804408868C968E2
:107370002843090201432143916080219068C9019B
:1073800001439160CDE73028B0D170249168A143CA
:107390000143072001439160C3E70220C8E7156A53
:1073A000166A4868A643C9681662F02694690901FE
:1073B000B44321430A24A5432843916110627020FD
:1073C00091688143293801439160AAE710254868F4
:1073D000CC68116A0C4EA9431162916924033140B3
:1073E0000C43A021156A94618D430101702029434B
:1073F00011629168814309380143916091E7C04669
:107400008800FFFFFF00FFFFFF0FFFFF7047C04630
:107410007047C0467047C0467047C04602220368A6
:1074200010B5196904000A4202D0D9680A4254D141
:10743000042219690A4202D0D9680A423AD10822C4
:1074400019690A4202D0D9680A4225D11022196965
:107450000A4202D0D9680A420ED1012219690A42B1
:1074600002D0D9680A424ED1402219690A4202D09C
:10747000D9680A4241D110BD213A1A6119322276E7
:10748000DA69C0239B0020001A4243D0FFF7C0FFF7
:10749000002323762368E0E7113A1A610D32227641
:1074A000DB6920009B0741D0FFF7B2FF0023237662
:1074B0002368CBE7093A1A61073222769A69C0231A
:1074C0009B0020001A422ED1FFF7A0FF2000FFF7FB
:1074D000A1FF002323762368B1E7053A1A6104323D
:1074E00002769B699B071BD1FFF790FF2000FFF7F7
:1074F00091FF0023237623689AE7813A20001A61DE
:10750000FFF78AFFB7E7033A1A612000FDF712F888
:107510002368A9E7FFF77AFF2000FFF77BFFB7E7B3
:10752000FFF776FFE5E7FFF773FFD2E7FFF76EFFA0
:107530002000FFF76FFFB9E7382330B5C35C012B9C
:1075400021D0392302227025C25403685A689C68EE
:10755000AA430D682A435A608022D205934205D07F
:107560000A4A934202D00A4A934204D180229443A9
:107570004A6814439C6039230122C2540022013B13
:10758000C254002030BD0220FCE7C0460008014084
:1075900000140140F0B51F00002316008BB09F427D
:1075A00004DA802109067B181F002D23129A149DEE
:1075B0001370202303229D43462D07D02B00453B0B
:1075C00059424B411099013ACB18109309AB0493DF
:1075D00008AB0393139B00920293109B320001931C
:1075E0003B0001F099F80400472D1BD1119BDB07EC
:1075F00011D5109BC31807930022002330003900D7
:10760000F8F724FF002801D0079B09933022099B3B
:1076100007998B4220D32000099B159A1B1B1360EE
:107620000BB0F0BD109BC3180793462DE4D103782F
:10763000302B0CD10022002330003900F8F706FF70
:10764000002804D10123109A9B1A139A1360139BEC
:10765000079A1B68D318CEE7591C09911A70D6E710
:10766000F0B52B2385B005000C1E027001DA4C42E8
:1076700002336B70092C2CDD02ABDE1D20000A21C9
:10768000F8F7CEFE37003031013E200031700A217C
:107690000194F8F7DFFD019B0400632BEEDCBA1EBA
:1076A000A81C010013003034147002AC07349C4253
:1076B0000AD80023944203D3093302AA9B18DB1B88
:1076C000C018401B05B0F0BD1C7801330C700131AF
:1076D000EBE73023E418AB70281DEC70F1E70000F5
:1076E000F0B597B00D000A921C9C0B93099000F026
:1076F000F7FE036818000D93F8F706FD00230F90BE
:1077000014932B7E07220C932B680E930E992368FB
:10771000C90545D59B1893431A00083222600122FF
:107720001E685F687B005B0811931096AE64EF647F
:1077300010981199A74B5242FBF7B4FF002831D1A2
:10774000109811990122A34B5242F8F78FFE00289E
:1077500028D10022002330003900F8F77DFE0028F0
:1077600003D02B002D2243331A700C9B9A4F472BCA
:1077700000D89A4F032300240E9A2B6101339A43B9
:107780002A600B9B2900009309980A9B15AA00F018
:10779000E5F9013000D09EE00120404217B0F0BD75
:1077A0000733B8E732003B0030003900FBF77AFFBF
:1077B00000280BD0002F03DA2B002D2243331A7040
:1077C0000C9B874F472BD5D8864FD3E720220C9CA4
:1077D0006B6894435A1C46D107336B6080230E9A22
:1077E000DB00134300222B60069214AA05920C9A28
:1077F0000AA9049213AA0392232252180292019317
:107800006B683200009309983B00FFF7C3FE139AA0
:107810000700472C2DD1D31C02DB6B689A4247DD51
:107820000C9B023BDBB20C93280013990C9A013994
:1078300050301391FFF714FF149A040013182B61B2
:10784000012A02DC2A68D20701D501332B612323E8
:107850000AAA9B181B78002B00D192E72B002D223F
:1078600043331A708DE7472CB8D1002BB6D10133C2
:10787000B3E70C9B652BD7D90C9B662B1AD16B6891
:10788000002A09DD2A61002B02D12968C9070BD51E
:1078900001339B182B6107E0002B03D101222968DB
:1078A000114200D09A1C2A61139B0024AB65CEE7DD
:1078B00067230C931399149B994206DB2B6829616B
:1078C000DB07F1D501312961EEE701220029E0DC77
:1078D0009218521ADDE72A68530508D42B693A003A
:1078E0000A9909980B9CA047013029D154E70C9BB9
:1078F000652B00D8DBE0A86CE96C00220023F8F7C8
:10790000A5FD002833D00123374A0A9909980B9C1A
:10791000A047013000D13FE7149E139BB34202DB26
:107920002B68DB070CD50B9C0F9B0D9A0A990998C5
:10793000A0470024013000D12EE7731EA3420ADCC9
:107940002B689B0700D506E1159BE868984200DB91
:1079500024E7180022E72A0001230A9909980B9FBF
:107960001A32B847013000D116E70134E5E7139B1E
:10797000002B3BDC01231C4A0A9909980B9CA04769
:10798000013000D108E7149E139B334302D12B68CA
:10799000DB07D5D50F9B0D9A0A9909980B9CA04738
:1079A0000023013000D1F7E60C93139B0C9A5B4245
:1079B000934201DC330092E72A0001230A990998D7
:1079C0000B9C1A32A047013000D1E5E60C9B013335
:1079D000EAE7C046FFFFEF7FCCD50008C8D5000816
:1079E000D4D50008D0D50008D8D50008149BAE6DBA
:1079F0000C939E4200DD1E00002E31DCF343002478
:107A0000DB1733400E93AE6D0E9BF31AA34230DCAE
:107A1000139B0C9A9A4238DC2B68DB0735D4139CF5
:107A20000C9B0C9A9B1B141B9C4200DD1C00002C21
:107A300034DCE3430026DB171C40139B0C9AD31A5B
:107A40001B1BB34200DC7BE72A0001230A9909983B
:107A50000B9F1A32B847013000D19DE60136ECE7A2
:107A600033003A000A9909980B9CA0470130C5D110
:107A700092E62A0001230A9909980B9E1A32B04710
:107A8000013000D188E60134BDE70F9B0D9A0A99B9
:107A900009980B9CA0470130C1D17DE6BA1923009B
:107AA0000A9909980B9EB0470130C2D174E6149B25
:107AB0000C93012B02DC01231A4239D001233A0036
:107AC0000A9909980B9EB047013000D164E60F9BDC
:107AD0000D9A0A9909980B9EB047013000D15BE6D8
:107AE000A86CE96C0C9B0022013B0C930023F8F777
:107AF000ADFC00281AD10C9B7A1C0A9909980B9EA0
:107B0000B04701300ED147E62A0001230A990998AF
:107B10000B9F1A32B847013000D13DE601360C9B6D
:107B20009E42F1DB2A0023005032D9E60026F6E718
:107B30003A00E2E72A0001230A9909980B9E1932BC
:107B4000B047013000D127E60134EB68159A9B1A43
:107B5000A342EFDCF8E60024F7E7C046F7B51600CD
:107B600001938A680B690C000090934200DA1300BD
:107B70002200336043321278002A01D0013333608F
:107B800023689B0602D533680233336022680623DC
:107B900015001D401A4227D0230043331B785A1E7C
:107BA00093412268920630D4220001990098089DE2
:107BB0004332A847013025D0062223680025134010
:107BC000042B05D13368E568ED1AEB43DB171D4044
:107BD000A3682269934201DD9B1AED180026B54285
:107BE00020D1002010E00135E36832689B1AAB42D7
:107BF000D2DD2200012301990098089F1932B8476D
:107C00000130F0D101204042FEBD3020E118433167
:107C1000087021005A1C45310978A21843320233FA
:107C20001170C1E72200012301990098089F1A32C0
:107C3000B8470130E6D00136D1E70000F0B58BB08F
:107C400006920A0043320793059003920A7E0C00C5
:107C5000109B782A09D8622A0BD8002A00D1BAE0F2
:107C60007A490491582A00D18EE0250042352A70C5
:107C700022E0100063381528F7D8F8F757FA1600F5
:107C80001F00F6FFF6FFF6FFF6FF1F00F6FFF6FFF8
:107C9000F6FFF6FF9F0036007E00F6FFF6FFB0000D
:107CA000F6FF3600F6FFF6FF820025001A6842351F
:107CB000111D196013682B7001239EE01868096874
:107CC000021D0D060BD506681A60002E03DA2D235F
:107CD000039A764213705D4B0A27049318E00668F6
:107CE0001A604906F1D536B2EFE70868196840C94D
:107CF000050602D4400600D5B6B21960534B0A27D8
:107D000004936F2A00D1023F2300002243331A70EC
:107D10006368A360002B06DB04212268039D8A436D
:107D2000226033430CD0039D30003900F8F78EFAFF
:107D3000049B013D5B5C2B70330006009F42F3D92E
:107D4000082F09D12368DB0706D5626823699A42A8
:107D500002DC3023013D2B70039B5B1B2361079BDF
:107D6000210000930598069B09AAFFF7F7FE013052
:107D700048D1012040420BB0F0BD202209680A43DF
:107D80002260782232490491210045310A70196835
:107D9000226840C9100602D4500600D5B6B2196058
:107DA000D30702D5202313432360002E01D01027D0
:107DB000AAE72022236893432360F8E71A680D6836
:107DC000101D4969186013682E0601D5196002E07C
:107DD0006D06FBD519800023039D2361BFE71A6858
:107DE000111D1960156800212800626800F0FFFB72
:107DF000002801D0401B6060636823610023039A60
:107E00001370ACE72A00236906990598079DA847D7
:107E10000130AED023689B0715D4099BE0689842D7
:107E2000A9DA1800A7E72200012306990598079E02
:107E30001932B04701309CD00135E368099A9B1A8A
:107E4000AB42F0DCE9E70025F7E7C046DAD50008E9
:107E5000EBD50008F0B58BB016000390AE220020E1
:107E600007938B680C00591E52000690914205D969
:107E70005E3BFF3B06935E23FF33A360F023226843
:107E8000DB0013432360230000251C331F000493F1
:107E900002950995089501950595A268002A0AD0D2
:107EA00033681B784E2B44D81800402B2CD82B3825
:107EB000C1B20E292AD9019B002B03D02368A64A00
:107EC00013402360029B013B012B00D9FEE0BE253D
:107ED0006D00049B9F4200D9EEE001200BB0F0BD85
:107EE000180061380D28E6D8F8F720F98900E5FF79
:107EF000E5FFE5FFBB00A700E5FFE5FF8F00E5FF1D
:107F0000E5FFE5FFE5FF6B004138EBE70E28D2D82F
:107F1000F8F70CF94F00D1FF4F009D00D1FF210071
:107F20004100410041004100410041004100410049
:107F300041006E2B0AD8602BD2D8542B00D181E09F
:107F4000592BB8D1072DB6D108252FE0742B79D045
:107F5000792BF7D0AFE72168C8051CD5802399435A
:107F6000019B216001330193069B002B03D0013B51
:107F700001320693A260A368013BA3602369013329
:107F800023617368013B7360002B00DC8AE0336877
:107F90000133336081E7029A5119002900D08AE742
:107FA0000D0022686D480291024022603B7001374B
:107FB000E1E7802122680A4200D17CE78A432260FF
:107FC000F4E7029A002A0FD1019A002A0FD1226801
:107FD000E0211000C9000840884208D160490A40E9
:107FE000226001220292E1E7029A022A58D0012D72
:107FF00002D0042D00D05EE70135EDB2D6E7029A3B
:10800000012A00D057E70222ECE7002D10D1019A97
:10801000002A00D052E72268E0211000C900084081
:10802000884200D01BE14E4901350A402260BDE77D
:10803000FD21EA1E0A42DFD03DE7022D00D03AE7DB
:108040000325B3E7062D00D035E70725AEE7226804
:10805000910500D42FE743490A402260019A059216
:10806000A4E7A02180202268C9001140C0008142FD
:1080700006D0024200D11EE70199002900D1EEE0AE
:10808000910504D4019905980997091A0891344972
:108090000A40C02149000A4322600022019285E77C
:1080A00003229FE7C0235B003100E3580398984701
:1080B000002800D1F1E6FEE6013F6359320039782D
:1080C000039898472369013B236102E76B1E062B47
:1080D0000ED80297022D20D9EB1BDBB20693029B30
:1080E000069A9B18DBB2032B27D1033DEDB27F1B11
:1080F0002368DA0553D55B0536D5BE256D00049B94
:108100009F4200D8E9E6013F63593200397803986D
:1081100098472369013B2361F1E7BE256D00049B6D
:108120009F4200D8D9E6013F63593200397803985D
:1081300098472369013B2361F1E7029B3200013B31
:1081400019780293BE235B00E3580398984723698C
:10815000013B2361C3E7C046FFFEFFFF7FFEFFFF39
:108160007FF8FFFF7FFDFFFF23697D1E2978013B1C
:10817000236165290CD045290AD0BE235B00E35852
:108180003200039898472369BD1E013B297823617B
:10819000BE235B003200E358039898472F00216804
:1081A00010230A001A40194201D0002096E6C0218F
:1081B0003A702368C9000B408021C9008B4226D148
:1081C000059B019A93420CD09A1A23007033FF3317
:1081D0009F4202D327006F37FF373800214900F054
:1081E00009F900220499039802F064FC079B2268B5
:1081F00006000F001B68910716D507991A1D0A6023
:108200001B681E605F60E3680133E360CDE7089B95
:10821000002BE6D0099B0398591C0A2302F0DCFCD2
:10822000089B099FC21AD0E7191D520702D5079A69
:108230001160E5E7079A300011601D6832003B00CD
:108240003900FBF72FFA002804D0074800F0DAF9CC
:108250002860D8E730003900FBF71CFBF8E7002363
:1082600001932FE6FCD500083DD70008002310B588
:10827000040003604360836081814366C2810361BF
:1082800043618361190008225C3000F021F90B4B37
:10829000246263620A4BA3620A4BE3620A4B2363C4
:1082A0000A4B9C4205D00A4B9C4202D0094B9C428F
:1082B00003D12000583000F08FF910BD3984000838
:1082C0006184000899840008C584000834080020EF
:1082D0009C0800200409002010B5034A0349044803
:1082E00000F06CF810BDC04624000020A9AF0008C3
:1082F0003400002041680B4B10B50400994201D0B6
:1083000002F052FEA168084B994202D0200002F010
:108310004BFEE168054B994202D0200002F044FE7A
:1083200010BDC046340800209C080020040900202D
:1083300010B5094B094A04211A6009480022FFF7C9
:1083400095FF012209210748FFF790FF0222122121
:108350000548FFF78BFF10BD6C090020D98200088B
:10836000340800209C0800200409002010B50248B1
:1083700000F033F910BDC0467509002010B5024861
:1083800000F02CF910BDC0467509002010B504009E
:10839000FFF7ECFF236A002B02D0FFF7EFFF10BDC1
:1083A000044B2362044B1B68002BF6D1FFF7C0FF80
:1083B000F3E7C046F58200086C090020F7B5140009
:1083C000002600900191A5686768013F04D52468E4
:1083D000002CF8D13000FEBDAB89012B08D90E224C
:1083E000AB5E013304D029000098019B98470643F7
:1083F0006835EAE70EB410B500240C499DB01FABF8
:10840000029006900791049109480A4904CB05910E
:10841000006802A901931B9402F042FC029B1C70AD
:108420001DB010BC08BC03B01847C046FFFFFF7F5B
:10843000300000200802FFFF70B50C000E25495FD8
:1084400000F078F8002803DB636D1B18636570BDCE
:10845000A389024A1340A381F9E7C046FFEFFFFF5B
:10846000F8B51F008B8905000C001600DB0505D54B
:108470000E23C95E0022022300F048F8A389054AB2
:1084800028001340A38132000E23E15E3B0000F080
:1084900065F8F8BDFFEFFFFF70B50C000E25495FD2
:1084A00000F034F8A389421C03D1054A1340A3818C
:1084B00070BD802252011343A3816065F8E7C04676
:1084C000FFEFFFFF10B50E23C95E00F00DF810BDE1
:1084D00003008218934200D1704719700133F9E705
:1084E0000048704770010020002370B5064D04005D
:1084F00008002B60FCF754FC431C03D12B68002BB5
:1085000000D0236070BDC0467009002070B5040023
:10851000080011001A000023054D2B60FCF74CFCED
:10852000431C03D12B68002B00D0236070BDC046D4
:108530007009002070B50400080011001A00002323
:10854000054D2B60FCF710FC431C03D12B68002B5E
:1085500000D0236070BDC0467009002070B50400D3
:10856000080011001A000023054D2B60FCF70AFCDF
:10857000431C03D12B68002B00D0236070BDC04684
:1085800070090020014B18687047C0463000002079
:1085900070B500260C4C0D4D641BA410A64209D1E9
:1085A000002603F0BFFC0A4C0A4D641BA410A6422F
:1085B00005D170BDB300EB5898470136EEE7B30024
:1085C000EB5898470136F2E704DA000804DA0008AD
:1085D00008DA000804DA00087047704770470300A3
:1085E0000A7801311A700133002AF9D17047C9B2F3
:1085F0008218904201D10020704703788B42FBD053
:108600000130F6E7004870470000C07FF0B503690D
:108610000C6989B0039006910020A34263DB0B0034
:10862000013C1433A50004935B190593039B143399
:1086300001935D19059B2F681E68380001363100D3
:10864000F7F77EFD0290B74227D3049B00279C4694
:10865000019E0797624608CA30689446029A99B20A
:1086600051431B0C5343C9190A0C9B1889B282B29F
:10867000521A07991F0C5218000C9BB21114C31AFE
:108680005B18191492B21B041A43059B079104C688
:108690006345DFD22B68002B2BD00699039801F09D
:1086A00003FA00281EDB0026019D049901C92B68EE
:1086B00087B29AB2D21B9219000C1B0C1B1A101411
:1086C0001B181E1492B21B041A43059B04C58B424F
:1086D000ECD2019AA300D3181A68002A14D0029B86
:1086E00001330293029809B0F0BD2B68002B04D12E
:1086F000013C019B043DAB42F7D3039B1C61CCE7DB
:108700001A68002A04D1013C019A043B9A42F7D32B
:10871000039B1C61E3E70000F0B514001D00C6696F
:108720009DB00A940B95259F0390002E0FD1102029
:1087300000F02CFE039B021ED86104D1EF21C74B31
:10874000C74802F0A1FC466086600660C660039BD5
:10875000DB69196800290BD05A68012393404A60ED
:108760008B60039800F012FF0022039BDB691A6004
:10877000002D1EDA01233B606B005B080B930B9FFF
:10878000B84BB84A3B40934216D1B74B249A13607A
:108790003B031B0B234301D100F080FDB34B269A12
:1087A0000893002A02D0B24B269A136008981DB095
:1087B000F0BD00233B60E2E70A9A0B9B12921393F1
:1087C0001298139900220023F7F740FE061E0BD0E3
:1087D0000123249A1360269B002B02D0A54B269AD6
:1087E0001360A54B0893E1E71AAB01931BAB009311
:1087F0000398129A139B01F079FA7A000590520DB2
:1088000000D17BE0139B189619039C4B090B0B437B
:108810009B4957181298139919000022994BFAF79F
:1088200037FB994A994BFAF74DF8994A994BF9F762
:1088300049F8040038000D00FAF792FF964A974B6A
:10884000FAF740F802000B0020002900F9F73AF887
:1088500004000D00FAF748FF0022049000232000D6
:108860002900F7F7F9FD00280BD00498FAF778FFF4
:108870002B002200F7F7EAFD43425841049B1B1AE4
:10888000049301231593049B162B10D81298139967
:10889000049A834BD2009B181A685B68F7F7DCFDDB
:1088A000002847D0049B013B04930023159300222A
:1088B0001A9B0692DB1B5A1E3ED50122D31A069341
:1088C00000230D93049B002B38DB049A0D9B9446E8
:1088D00063440D93002314920F93229B0124092BD0
:1088E00062D8052B02DD0024043B2293229B981EB4
:1088F000032863D8F7F710FC5456382B1B9B1A9E9D
:10890000F618684BF218202A0FDD40239B1A9F406F
:10891000654B3800F318DC402043FAF74FFF012283
:10892000624B771ECB18189276E7202320009B1A03
:108930009840F2E71590BAE70D92C3E7069B049AB8
:108940009B1A069353420F9300231493C5E7012308
:10895000239A10939446049B63440E930133099326
:10896000002B08DC012306E001231093239B002B3E
:1089700028DD0E930993039A0021D0690422150083
:1089800014359D4223D94160039800F0BBFD089047
:1089900000281FD1B021464B3148089AFF31D0E65C
:1089A0000023E2E70023D3E7002310942293013B46
:1089B00000220E93099313332392DCE701231093D3
:1089C000023BF5E701231A000E930993F4E7013106
:1089D0005200D4E7039B089ADB691A60099B0E2BAF
:1089E00000D9D6E0002C00D1D3E0049B002B63DD3E
:1089F0000F21049A2A4B0A40D2009B181E685F6818
:108A0000049B02241D11DB050AD52A4B0D401A6A6E
:108A10005B6A12981399F9F71BFB0A900B910134CA
:108A2000244B0C93002D08D10A980B9932003B007F
:108A3000F9F70EFB0A900B9159E001231D4209D072
:108A4000E4180C9B30001A685B683900F9F73AFFAC
:108A500006000F000C9B6D100833E2E70ED60008ED
:108A600025D600080000F07F0F2700000AD6000876
:108A70000DD60008D9D50008D8D500080000F03F71
:108A800001FCFFFF0000F83F61436F63A787D23FFF
:108A9000B3C8608B288AC63FFB799F501344D33FED
:108AA000D8D700083204000012040000000010FEB5
:108AB0007DD60008B0D70008049B0224002B16D0F6
:108AC000129813990F225D422A40D54BD2009B1871
:108AD0001A685B68F9F7F6FE012700230A900B91EC
:108AE000D04E2D11002D00D095E0002BA2D10A9E72
:108AF0000B9F159B002B00D198E00022300039001D
:108B0000C94BF7F7A9FC002800D18FE0099B002B87
:108B100000D18BE00E9B002B37DD049B0022013B34
:108B20000C933000C14B3900F9F7CCFE0A900B9141
:108B30000E9B013420001193FAF712FE0A9A0B9B48
:108B4000F9F7C0FEBA4B0022F8F7BCFEB94B06009D
:108B5000CF18119B002B6DD10A980B990022B64BB0
:108B6000FAF796F932003B0004000D00F7F788FC95
:108B7000002800D0B6E2802109067B1832002000D0
:108B80002900F7F769FC002828D1129B139C0A934F
:108B90000B941B9B002B00DA74E1049A0E2A00DD73
:108BA00070E19F4BD2009B185C681B68069307948A
:108BB000239B002B00DBE7E0099B002B00DDE3E0BB
:108BC0000CD10698079900229B4BF9F77BFE0A9A75
:108BD0000B9BF7F75FFC002800D186E200263700E8
:108BE000239B089CDB430C930497002731000398D8
:108BF00000F0CCFC049B002B00D1BBE0002F05D083
:108C00009F4203D03900039800F0C0FC04990398F8
:108C100000F0BCFCAEE03D4205D032687368F9F765
:108C200051FE3B0001346D1008365BE7049B0C934A
:108C3000099B7FE7119A7A4B013AD20010999B1851
:108C40001A685B6800294CD000207C49F9F700FACB
:108C500032003B00FAF71CF9089A060094460F0010
:108C6000089B1693119B634411930A980B99FAF78A
:108C70003BFD0500FAF774FD02000B000A980B9902
:108C8000FAF706F9169B30355C1C1D7032003B006C
:108C90000A900B91F7F7E0FB00286BD10A9A0B9B27
:108CA00000206149FAF7F4F832003B00F7F7D4FBF3
:108CB000002800D0C6E0119BA34200D165E7002246
:108CC00030003900594BF9F7FDFD002206000F0076
:108CD0000A980B99554BF9F7F5FD16940A900B91EC
:108CE000C3E730003900F9F7EDFD089D119A2B001C
:108CF000944616901791634419930A980B99FAF7C2
:108D0000F3FC0400FAF72CFD0B0002000A980B9903
:108D1000FAF7BEF83034199B2C70013506000F00AD
:108D2000AB422AD116981799089B119C9C460022A9
:108D3000424B6444F8F7C6FD02000B0030003900D6
:108D4000F7F79EFB002800D07CE0169A179B0020C6
:108D50003A49FAF79DF802000B0030003900F7F7A6
:108D60007BFB002800D110E72300013C2278302A49
:108D7000FAD01C000C9B049342E000222B4BF9F725
:108D8000A1FD0A900B91B8E7099B089D013B5B1977
:108D90000A9E0B9F0A93069A079B30003900F9F749
:108DA00057F9FAF7A1FC0990FAF7DAFC069A079B43
:108DB000F9F788FD02000B0030003900FAF768F877
:108DC0002B00099A013530321A700A9A2C009A4207
:108DD0004BD102000B00F8F775FD069A079B0600C1
:108DE0000F00F7F74DFB00282AD1069A079B3000A9
:108DF0003900F7F72BFB002802D0099BDD071FD4B1
:108E00000599039800F0C2FB00232370049B249A69
:108E100001331360269B002B00D1C7E41C60C5E41E
:108E2000D8D70008B0D700080000F03F0000244069
:108E300000001C400000C0FC000014400000E03FA7
:108E4000049B0C9323001C00013B1A78392A08D19B
:108E5000089A9A42F7D10C9A089901320C92302262
:108E60000A701A7801321A7084E70022C64BF9F7AB
:108E700029FD0022002306000F00F7F7E7FA00287B
:108E800089D0BDE7109F0F9D069C002F14D0229A19
:108E9000012A00DDE4E0189A002A00D1DAE0BB4A9A
:108EA0009B18069A0121D21806920D9A0398D3189E
:108EB0000D9300F06FFC0700002C0ED00D9B002BD3
:108EC0000BDD0D9A2300944200DD1300069AE41A8C
:108ED000D21A06920D9AD31A0D930F9B002B21D014
:108EE000109B002B00D1D3E0059E002D14D039003B
:108EF0002A00039800F010FD059A0100070003986E
:108F000000F060FC06000599039800F03FFB0F9B02
:108F100005965B1B0F9305D031000F9A039800F064
:108F2000FBFC05900121039800F034FC149B060023
:108F3000002B00D1BCE11A000100039800F0ECFC0A
:108F4000229B06000025012B16DC00250A9BAB4264
:108F50000ED10B9B1B03AB420AD18D4B0B9A1342D4
:108F600006D0069B0135013306930D9B01330D930B
:108F7000149B0120002B08D0336903339B00F318A6
:108F8000586800F0B7FB2023181A0D9B1818020030
:108F90001F231A40184200D181E001339B1A042B91
:108FA00079DD1C239B1A069AE418D21806920D9AB2
:108FB000D3180D93069B002B05DD1A000599039825
:108FC00000F006FD05900D9B002B05DD31001A0019
:108FD000039800F0FDFC0600159B002B61D03100CA
:108FE000059800F061FD00285BDA049B0A22013B32
:108FF0000C9305990023039800F0ECFA109B059060
:10900000002B00D15BE1002339000A22039800F015
:10901000E1FA0E9B0700002B4DDC229B022B46DD64
:109020000E9B002B00D0DBE531000522039800F0F9
:10903000D1FA06000100059800F036FD002800DC9A
:10904000CEE5089B089A5C1C312313700C9B0133FE
:109050000C93C9E536231A9A0F9D9B1A069C20E7AC
:10906000099B5D1E0F9BAB4208DB5D1B099B002B20
:10907000F4DA069B099A9C1A002312E70F9B149AB4
:10908000EB1AD31814930F95069C0025099B08E74B
:109090000F9A059942E7042B8CD01C3383E7130009
:1090A000FBE7049B0C93099B0E93002BB5DD109BF3
:1090B000002B00D107E1002C05DD390022000398C8
:1090C00000F086FC07000497002D20D079680398F3
:1090D00000F018FA041E0CD122002E4B2E482F4906
:1090E000FFF72FFB119E3700ABE7049B099E0C9303
:1090F000F9E739003A690C31023292000C3001F084
:10910000B3FF01222100039800F062FC0490089B49
:109110000E9A0693013B9B1801220F930A9B134062
:109120000E9331000598FFF771FA390005000A9097
:10913000059800F0B9FC049A0D903100039800F0F6
:10914000CFFC0122C368040030350992002B04D102
:109150000100059800F0A8FC09902100039800F098
:1091600015FA069B229A5C1C099B13430E9A134323
:1091700016D1392D2FD00D9B002B01DD0A9D3135E5
:10918000069B1D7032E5C0460000244033040000F9
:109190000000F07F7DD6000825D60008EF02000011
:1091A0000D9B002B04DB229A13430E9A13431ED10E
:1091B000099B002BE4DD05990122039800F008FCCF
:1091C0003100059000F070FC002802DCD8D1EB07DC
:1091D000D6D5392DD2D13923069A137023001C001D
:1091E000013B1A78392A50D001321A70FEE4099BEB
:1091F000002B03DD392DEED00135C1E7069B069A21
:109200001D700F9B93422BD000230A2205990398CF
:1092100000F0E0F9049B05909F4209D1390000233A
:109220000A22039800F0D6F907000490069478E724
:10923000390000230A22039800F0CCF9002307002C
:109240000A220499039800F0C5F90490EEE70E9BFA
:109250000124002B00DD1C0004970027089B1C192B
:1092600005990122039800F0B3FB3100059000F04E
:109270001BFC0028B2DC01D1ED07AFD423001C0099
:10928000013B1A78302AFAD0B0E4089A9A42A6D163
:109290000C9B01330C9331231370A7E4144B269AD3
:1092A0000893144B002A01D0FFF77EFAFFF77EFAED
:1092B000229B012B00DC48E60120149D65E60E9BF5
:1092C000002B00DCA9E6002431000598FFF79EF989
:1092D000089B303018550E9B01340500A342B6DDC3
:1092E00000230A220599039800F074F90590EBE732
:1092F00001D6000809D6000870B505000C1E10D074
:10930000043C2368002B00DAE418280000F0EAF897
:109310001D4A1368002B05D163601460280000F01B
:10932000E9F870BDA34208D9206821188B42F3D117
:1093300019685B6809182160EEE71A005B68002B6A
:1093400001D0A342F9D911685018A0420BD120686E
:109350000918501811608342E0D118685B68411801
:1093600011605360DAE7A04202D90C232B60D5E7E5
:10937000206821188B4203D119685B6809182160A5
:1093800063605460CAE7C0467C09002010B5034BF7
:109390000100186800F026F810BDC046300000201B
:1093A00070B50F4E0D0031680400002902D101F0A4
:1093B00049FE30602900200001F044FE431C03D127
:1093C00001256D42280070BD0323C51C9D43A842A2
:1093D000F8D0291A200001F035FE0130F2D1EFE774
:1093E00078090020F7B50322CB1C9343083305000E
:1093F0001F000C2B34D20C27B94233D8280000F0C0
:1094000071F8374E33681C00002C2FD1390028002A
:10941000FFF7C6FF0400431C5FD134680094009B33
:10942000002B4AD1002C52D023682800E318009961
:10943000019301F007FE019B834248D12368280075
:10944000FF1A3900FFF7ACFF013040D02368DB1969
:10945000236033685A68002A33D1009B336019E0D7
:10946000002BC9DA0C232B600020FEBD2168C91B2C
:1094700020D40B290AD9E2192760A34204D1326013
:1094800063681160536005E05A60F9E76268A342BF
:109490000ED13260280000F02DF8200007220B309A
:1094A000231D9043C21A9842DFD01B1AA350DCE759
:1094B0005A60EFE723006468A6E7009C63680093A6
:1094C000ADE71A005B68A342FBD10023DAE70C2367
:1094D00028002B6000F00EF8C6E70760DAE7C04608
:1094E0007C09002010B50248FFF777F810BDC04690
:1094F0007409002010B50248FFF770F810BDC0468F
:109500007409002070B5C56906000C00002D0ED14D
:109510001020FFF73BFF021EF06104D16B21194BB5
:10952000194801F0B1FD456085600560C560F569C9
:10953000EB68002B13D0F369A200DB689B18186856
:10954000002818D101210D00A5406A1D30009200AD
:1095500001F0B8FD00280CD0446085600DE02122A8
:109560000421300001F0AEFDF369E860DB68002BF8
:10957000E1D1002070BD02681A6000230361C3605E
:10958000F8E7C0460ED600088ED6000870B5C6694A
:1095900005000C00002E0ED11020FFF7F7FE021E72
:1095A000E86104D18F21094B094801F06DFD466047
:1095B00086600660C660002C07D0EB696268DB68D5
:1095C00092009B181A6822601C6070BD0ED60008BD
:1095D0008ED60008F7B50F0001900C001E00002089
:1095E0000D6914373B68013099B251431B0C53434A
:1095F00089190E0C9B191E0C89B21B045B1808C735
:109600008542EFDC002E22D0A368AB4219DC6168F2
:1096100001980131FFF776FF071E05D13A00BA2104
:109620000C4B0D4801F030FD210022690C31023253
:1096300092000C3001F018FD21000198FFF7A6FF01
:109640003C002B1D9B00E31801355E602561200066
:10965000FEBDC0467DD600088ED60008F7B50700CF
:1096600018000C000830092101931500F6F7F2FDEF
:109670000123002183420ADB3800FFF743FF011E6C
:1096800008D10A00194B1A48D33101F0FDFC5B00E8
:109690000131EFE7089B436101230361092D18DDC8
:1096A000230009331E000093641933780A2238001E
:1096B000303BFFF78FFF01360100A642F5D12C00A9
:1096C000009B083C1C192E00019B9E4204DB0800F5
:1096D000FEBD09250A34F6E7631B9B5D0A223800AC
:1096E000303BFFF777FF01360100EDE77DD600083C
:1096F0008ED600088022030052020020934201D23D
:109700001B04103080225204934201D208301B0205
:1097100080225205934201D204301B018022D205DF
:10972000934201D202309B00002B03DB0130134235
:1097300000D1202070470368010007221800104064
:1097400013420DD0063A0020134205D102300342E5
:1097500003D0D34010000B6070479B080B60FBE701
:109760009AB2002A01D110201B0CDAB2002A01D1D2
:1097700008301B0A1A0701D104301B099A0701D1CE
:1097800002309B08DA07E9D401305B08E6D12020DB
:10979000E2E7000010B50C000121FFF7B3FE00283E
:1097A00007D14621054C0200054B2000FF3101F096
:1097B0006BFC01234461036110BDC0468ED60008D6
:1097C0007DD60008F0B514000A6923690D0089B040
:1097D0009A4202DB23000C001D0027692E69616894
:1097E000BB190093A368BA19934200DA0131FFF75D
:1097F00089FE8446002806D1B1216246444B454883
:10980000490001F041FC0200BB1914329B00D3183F
:109810000193002113000198834228D32300BF0045
:10982000143304931435DB19B6000293AB19079374
:1098300004230593230002991533994205D30C1B89
:10984000153CA4080134A3000593079B9D4210D347
:10985000009B002B05DD019B043B01931B68002B43
:1098600052D063466046009A1A6109B0F0BD02C347
:10987000D1E72C68A4B2002C1FD000231700049E4F
:10988000039308CE396806936B461B8B88B26343FB
:109890001B180398090C1B180698000C604340180D
:1098A000190C4118080C9BB209041943029B039040
:1098B00002C7B342E5D8059BD0502C68240C20D0B9
:1098C000002110001368049E03913168076889B273
:1098D00061433F0CC919039F9BB2C9190F041F4371
:1098E000076080CE43683F0C67439BB2090CFB18AE
:1098F0005B18190C039102990430B142E5D805991F
:10990000535004350432A0E7009B013B00939FE7CE
:109910007DD600088ED60008F7B503231500070092
:109920000E001A401D4208D02549013A92005258B3
:1099300000233100FFF74EFE0600AD103DD0FC695C
:10994000002C0FD11020FFF721FD021EF86105D178
:10995000B4211C4B1C48FF3101F096FB446084602D
:109960000460C460FB699C680193002C08D1380036
:109970001649FFF70FFF019B040098600023036066
:1099800001231D420AD0310022003800FFF71AFFE0
:10999000310001903800FFF7F9FD019E6D100CD0E9
:1099A0002068002807D1220021003800FFF70AFFB5
:1099B0000023206003600400E2E73000FEBDC046E3
:1099C000A0D700080ED600088ED60008710200004D
:1099D000F0B50C0016002369571185B0FB180193F0
:1099E000013300934968A3680290009A934210DB08
:1099F0000298FFF787FD0023010005001A001431CB
:109A000098420CD1EF212A00254B2648490001F04D
:109A10003BFB01315B00E8E798000A500133BB4291
:109A2000FADBFB43DB171F40BF0023001F20C919CF
:109A300037002269143392009A180740064229D051
:109A40000130C01B03908C4600201E68BE400643B8
:109A5000604640C08446039E01CBF0409A42F4D851
:109A6000260015360423B24204D3131B153B9B0872
:109A700001339B00C850002802D0019B02330093A1
:109A8000009B0298013B21002B61FFF77FFD28001E
:109A900005B0F0BD01CB01C19A42FBD8F0E7C0464A
:109AA0007DD600088ED6000830B50B690469020027
:109AB000E01A9C420FD114329B0014311400C918D3
:109AC000D218043A043915680B689D4204D001206D
:109AD0009D4200D2023830BD9442F2D3FBE7000031
:109AE000F0B50C0087B00090110020001700FFF7C0
:109AF000DBFF051E10D101000098FFF703FD021ED9
:109B000004D1404B4048414901F0BEFA0123456170
:109B10000361100007B0F0BD0026B04203DA230055
:109B20003C001F00013661680098FFF7EBFC021E45
:109B300003D1344B34483649E6E7236914340093A3
:109B40009B00E318210001943C0002933B6914340C
:109B50009B00E31803930300C6608C460020143377
:109B600004930593634620CBA9B20E009C4608CC13
:109B70002D0C99B2711A09181B0C0814EB1A1B183A
:109B8000181489B21B041943059B02C30593039B58
:109B9000A342E7D83900039C153104238C4204D337
:109BA000E31B153B9B0801339B000199CD180499D9
:109BB0002E00CB181F0002998E4211D3029CE91E81
:109BC00000208C4204D321000331491B89088800FE
:109BD0001B18043B1968002910D0009B136198E7FB
:109BE000844602CE88B2604400140C0C041961440F
:109BF000201489B22404214302C7DCE7009901390B
:109C00000091E6E77DD600088ED6000837020000F6
:109C10004502000010B500240C4B0D4A0B409B1868
:109C2000A34206DC5B421A15132A05DC80231B03C2
:109C300013411900200010BD143A01241E2A02DC31
:109C400080242406D4400023F3E7C0460000F07FC0
:109C50000000C0FCF7B50600036914369B00F3183A
:109C60001D1F2C680F0020000193FFF743FD2022E9
:109C7000121A3A6003001C4A0A2815DC0B2127003F
:109C8000091ACF403A438C4611000022AE4202D25C
:109C9000019A083A126815339C4063462700DA405F
:109CA0001743380003B0F0BD0027AE4202D2019D39
:109CB000083D2F680B2149428C469C440B2B10D049
:109CC000614620238C405B1A3900D9400C43224363
:109CD00011000022B54201D9043D2A686446A7401C
:109CE000DDE722431100DCE70000F03FF7B501217A
:109CF00016001F00FFF706FC041E05D12200254BAD
:109D00002548264901F0C0F93B037D001B0B6D0D72
:109D100002D08022520313430193002E25D06846BF
:109D20000096FFF708FD019B009900281BD0202218
:109D30001E00121A96403200C3400A43626101932A
:109D4000019EA661731E9E4101362661002D14D02E
:109D50003526134BED18089B2D181D60099B361AEC
:109D60001E602000FEBD6161EAE701A8FFF7E3FC89
:109D7000019B012663612030E7E70A4BC018089B6E
:109D80001860094BF3189B00E3185869FFF7B2FC01
:109D90007601E3E77DD600088ED600080F030000A9
:109DA000CDFBFFFFCEFBFFFFFFFFFF3FF0B587B00E
:109DB0000F0004A90600FFF74DFF00900191009BE2
:109DC000019C380005A902930394FFF743FF0D009F
:109DD00002000B0030693969049E401A0599400160
:109DE000711A41180805002908DD019941180391ED
:109DF00002980399F8F72CF907B0F0BD2B1AF7E792
:109E000070B5140005000139136949110131890049
:109E100014349B004118E318A3420DD814001134E8
:109E20000025A34203D39B1A113B9B089D000023EE
:109E30004019814203D870BD40CC40C5ECE708C052
:109E4000F7E70200006910B514324B11984213DB9A
:109E50000CDD1F2408002040214207D099008C58B7
:109E60002100C140814001208C4204D19B00D318C5
:109E7000934203D8002010BD0300F7E7043B1968A4
:109E80000029F5D00120F6E770B516000D00FFF7A8
:109E9000C1FE002E0DD06B236A00520D9B1A002BC1
:109EA00007DD0024034A1B059D182B002200F8F74C
:109EB00009FD70BD0000F03FF0B5A3B01B92002279
:109EC00000260027059009911E921D910A782B2AE1
:109ED00053D03FD80D2A39D8082A39D8002A42D081
:109EE0000022129200211D9D0C912A78302A00D068
:109EF00083E06A7820318A43582A00D073E00293C5
:109F0000129B9B4A01931EAB009305981FAB1DA9A2
:109F100001F06EF90F2302001A4004000692184265
:109F200005D0062A2BD1002301351D9512931B9BCA
:109F3000002B02D01D9B1B9A1360129B002B19D083
:109F4000802330001B06F91823B0F0BD202AC7D1AA
:109F50000131BAE72D2AC3D12C3A12924A1C1D9224
:109F60004A78002ABED1099B1D93002312931B9BA4
:109F7000002BDFD130003900E6E70022EDE71E9A22
:109F8000002A07D0352120A8FFF73AFF1E9905982F
:109F9000FFF7FCFA06981F9B0138042806D8F6F74D
:109FA000BBF812031C1E1200209E219FE40502D55F
:109FB00080231B061F436F4B3B42B8D1FEF7E2FAEA
:109FC00022230360B3E76C49219A209E0A406B4923
:109FD0005B181B051A431700E8E7664FE6E7012602
:109FE000674F7642E2E71D9B5A1C1D925B78302B2F
:109FF000F9D0002B9BD001230C931D9B0A221393B5
:10A00000002310930D9308931D9804782300303B90
:10A01000D9B2092927D901225A4901F002F80028AA
:10A0200033D0002023008446089A0E900692202206
:10A03000190091430A0000210791452A00D0CBE086
:10A04000069B0C9A034313438B428CD01D9B0993B0
:10A0500001331D93099B5B782B2B7BD00C002D2BA0
:10A060007ED1012477E00899082909DC0D99514334
:10A070005B180D93089B0130013308931D90C3E7D3
:10A08000109D55435B191093F4E71D9B5A1C1D92BC
:10A09000089A5B78002A3ED00E9006921A00303A59
:10A0A000092A12D901229446C1E71D9B01305A1C8E
:10A0B0001D925B78302BF8D01A00313A082A44D828
:10A0C0000E9000201D9A069013921C00421C303CFA
:10A0D000302B1AD00E9B06999B180E930A239C4690
:10A0E000069D4B1C5D1BAA4217DCC343069ADB1777
:10A0F0000340D1180132D318069308291CDC0A2327
:10A100000D9A53430022E3180D931D9B1000591C18
:10A110001D915B78C2E70898CCE7082905DC654605
:10A120000D9969430D911900DAE7102BFBDC6146AC
:10A13000109D4D431095F6E700220F29E5DC0A2318
:10A14000109D5D4363191093DFE700220E92069283
:10A150000132A8E70024099B02331D93099B9B78D9
:10A160001A00303A092A13D9099A1D92002232E0C6
:10A17000B4D800080000F07FFFFFEFFF33040000B9
:10A18000FFFFFF7FE7D600081D9B5A1C1D925B78DE
:10A19000302BF9D0002207921A00313A082A1BD836
:10A1A000303B1A001D9B07931D9B591C1D915B782A
:10A1B0001D00303D092D3AD9079D491B0D00B349BB
:10A1C0000791082D03DC07928A4200DD0791002CDD
:10A1D00002D0079A52420792069A002A4BD10C9A53
:10A1E000104300D0A3E66246002A00D0BBE6692BEC
:10A1F00025D021DC492B22D04E2B00D0B3E6A44938
:10A200001DA801F02BFA002800D1ACE61D9B1B789D
:10A21000282B2AD19F4920AA1DA801F033FA05282E
:10A2200023D1219B9C4A209E1A4317007FE60A21D6
:10A230004A43D218303AB7E76E2BE0D093E69749FD
:10A240001DA801F00BFA002800D18CE61D9B944953
:10A25000013B1DA81D9301F001FA002802D11D9BAE
:10A2600001331D9300268C4F61E68E4800F006FFF7
:10A2700006000F005BE6079B0E9A9B1A0C93089B47
:10A28000002B01D1069B0893069C102C00DD1024A6
:10A290000D98F9F793FA069B06000F00092B13DCC3
:10A2A0000C9B002B00D142E60C9B002B00DC7EE0D7
:10A2B000162B63DC7C49DB00C9183200086849684A
:10A2C0003B00F8F7FFFAD3E72200774B093AD200B8
:10A2D0009B181A685B68F8F7F5FA060010980F00EB
:10A2E000F9F76CFA0B00020039003000F7F7EAFAD0
:10A2F000069B06000F000F2BD2DD069B1C1B0C9B40
:10A30000E418002C00DC9BE00F22230013401442D1
:10A310000AD06549DB00C9183200086849683B006B
:10A32000F8F7D0FA06000F000F239C4373D02633B2
:10A33000FF339C424BDD0023069307930D93089354
:10A3400022230026059A544F13600D9BB34200D17F
:10A35000EDE51E990598FFF719F908990598FFF79B
:10A3600015F907990598FFF711F90D990598FFF769
:10A370000DF906990598FFF709F9D8E52523069AFE
:10A380009B1A0C9A9342B8DB0F24069B464DE41AA5
:10A39000E10069183200086849683B00F8F792FA52
:10A3A0000C9B1C1BE4002D192A686B6889E70C9B29
:10A3B0001633A2DB07990E9A3B4B521AD2009B1818
:10A3C00030001A685B683900F7F742FE50E7002357
:10A3D00030003900354D24110993012C1EDC002B6F
:10A3E00001D006000F00324B099AFF182F4BD50001
:10A3F0005D193200286869683B00F8F763FA264B5C
:10A400002C4A06000B40934295D82B4A934213D90D
:10A4100001262A4F76420023099386E00122144246
:10A4200004D02A686B68F8F74DFA0123099A641082
:10A43000013209920835D0E7D4239B04CF18EAE70C
:10A44000002CE8D064420F2322001A401C420AD09C
:10A45000154BD2009B1830001A685B683900F7F77B
:10A46000F7FD06000F002411D5D01F2C28DD002396
:10A47000069307930D9308932223059A00261360F1
:10A480000D9B0027002B00D063E750E51F4E000016
:10A49000D5D50008A0D800080000F07FCDD5000871
:10A4A00004D600083DD70008D8D70008B0D7000868
:10A4B0000000B0FC0000A07C0000907CFFFFEF7F5C
:10A4C000102322001A4009921C4201D05A330993EA
:10A4D000300039000023C04D0122144204D02A6804
:10A4E0006B68F8F7EFF9012364100835002CF3D1FD
:10A4F000002B01D006000F00099B002B0DD06B2311
:10A500007A00520D39009B1A002B06DD1F2B5CDDF3
:10A510000026342B52DDDC27BF040022002330004C
:10A520003900F5F793FF0028A1D10D9B089A0093FD
:10A530001399069B0598FFF791F80D90002800D11C
:10A54000F9E60C9B0799DB430E9ADB17521A14921B
:10A550000C9A1499D21711400C9A14911A400023A6
:10A560001A92069307930D9B05985968FEF7CAFF48
:10A570000890002800D1E3E60D9B0C3019001A6901
:10A580000C310232920000F06FFD20AB01931FAB43
:10A59000009332003B00059810961197FFF7A6FB39
:10A5A0001E90002800D1CBE601210598FFF7F2F8B4
:10A5B000079000280ED100230793C1E64B239A1A77
:10A5C0004C3B934019400F00A7E7012252429A40AA
:10A5D0001640A2E71F9B1A9A149DD41A002B01DB88
:10A5E0001A9C5D190999209A5B1A36219B188A1AC0
:10A5F0007A4901208C460021013B15911690634554
:10A6000006DA6146C91A521A1F293FDC88401690A3
:10A61000AB180E93A418099B0E9A1C192B00954297
:10A6200000DD1300A34200DD2300002B04DD0E9AA1
:10A63000E41AD21A0E92ED1A149B002B16DD1A00A2
:10A6400007990598FFF768F907900028B3D0010033
:10A650001E9A0598FFF7B6F81390002800D16FE610
:10A660001E990598FEF792FF139B1E930E9B002BDD
:10A6700012DC0C9B002B18DD1A9A08990598FFF73D
:10A680004BF90890002810D1002358E65449CB1A02
:10A69000010099401591BAE70E9A1E990598FFF7A7
:10A6A00097F91E900028E4D14AE6002C07DD22002D
:10A6B00008990598FFF78CF908900028E4D0002D40
:10A6C00008DD2A0007990598FFF782F9079000280E
:10A6D00000D135E6089A1E990598FFF701FA069011
:10A6E000002800D12CE6C368079913930023C360A8
:10A6F000FFF7DAF900283BDA139B334367D13B03BA
:10A7000065D1D622374BD2043B4093425FD9069B9A
:10A710005B69002B03D1069B1B69012B57DD069952
:10A7200001220598FFF754F907990690FFF7BCF945
:10A7300000284CDD2B4B099A3B40002A74D0D622CE
:10A74000D204934270D8DC229204934200D893E65C
:10A7500030003900244B0022F8F7B4F8214B0600F2
:10A760000F000B4200D0F4E52223059A1360F0E5B8
:10A770000E97002875D1139A3B031B0B002A39D082
:10A780001A4A934238D10121099B494232000800FC
:10A79000002B0BD0D424134B08003B40E404A3420D
:10A7A00004D86C301B0DC31A99400800824223D193
:10A7B0000F4B0E99994202D1013200D1C0E5094BED
:10A7C0000E9A00261A401300802252039F18099BFC
:10A7D000002BBDD1BDE5C046C8D8000802FCFFFF74
:10A7E000E2FBFFFF0000F07F00005039FFFF0F0089
:10A7F000FFFFEF7F33439DD0159B002B1CD00E9B9A
:10A80000159A1342E3D0139B30003900099A002BAC
:10A8100016D0FFF739FB02000B0010981199F7F7DB
:10A8200051F806000F00D2E70126924A76429B18A3
:10A83000914A1A431700CAE7169B3342C7D0E2E792
:10A84000FFF722FB02000B0010981199F8F720FB8C
:10A850000022002306000F00F5F7F8FD0028B6D00F
:10A860000AE607990698FFF7A1FA80230022DB0584
:10A8700004000D00F5F7FAFD00286CD0139B002BA7
:10A8800077D1002E57D10E9B1B035AD100222000F6
:10A8900029007A4BF5F7E0FD002859D12000290066
:10A8A0000022774BF8F70EF804000D0080231B06FA
:10A8B000EB180A940B930A9A0B9B16921793714A02
:10A8C0000E9B13401593159A6F4B9A4200D087E068
:10A8D0006E4A0E9B944663441F0030001900FFF738
:10A8E00099F90A9A0B9BF7F7EDFF32003B00F6F758
:10A8F000E9FF644A664B06000A409A4240D9119B20
:10A90000644A934203D1109B013300D118E501261C
:10A91000604F76421E990598FEF738FE0899059813
:10A92000FEF734FE07990598FEF730FE0699059864
:10A93000FEF72CFE17E6012E03D10E9B002B00D153
:10A940009AE50023544C4D4D0A930B940024B2E732
:10A9500000244B4DAAE720002900494B0022F7F7BD
:10A96000B1FF139B04000D00002B9FD00A940B95A0
:10A97000A1E70023414C25000A930B941C009AE7A1
:10A98000D4239B04CF18099B1097002BC2D13D4BB9
:10A99000159A3B409A42BDD120002900F5F742FEAE
:10A9A000F5F77AFE02000B0020002900F8F770FA94
:10A9B0003C03139B240B34430E900F91374A1C43E6
:10A9C00052D0374BF5F748FD002800D0C1E40E986F
:10A9D0000F99344A2A4BF5F753FD00289AD0B8E472
:10A9E000099B002B2AD0D423159ADB049A4225D840
:10A9F000200029002C4A2D4BF5F738FD002816D0F1
:10AA000020002900F5F7F0FD002800D10130F8F70B
:10AA1000D5FE139B04000D00002B22D180231B06C2
:10AA2000CB1818901993189A199B16921793D6223F
:10AA3000179BD2049B18159A9B1A1793109811997B
:10AA4000169E179FFFF7E6F802000B003000390052
:10AA5000F7F738FF109A119BF6F734FF06000F0046
:10AA600091E718941995DEE7114B0E980F99F5F7B9
:10AA7000F3FCB2E70000F0FFFFFF0F000000F03F23
:10AA80000000E03F0000F07F0000E07F0000B0FC2D
:10AA9000FFFF9F7CFFFFEF7F0000F0BF9535A09484
:10AAA000FFFFDF3F35E5AF350000C0FFFFFFDF41AF
:10AAB000FFFFCF3F10B5024BFFF7FEF910BDC046B8
:10AAC00080000020F0B585B017001E0003900191B2
:10AAD000242B23D80C00012B20D03D4B08229C4670
:10AAE000230061461D780134485D01001140104289
:10AAF000F6D12D2D19D125789C1C0123009310220D
:10AB0000330093431DD1302D15D1202123788B4361
:10AB1000582B10D165780234102612E0FDF732FD73
:10AB200016230360002005B0F0BD00912B2DE6D167
:10AB300025789C1CE3E7002EEED10A36302D00D19B
:10AB4000023E244A009B944663443100180002935D
:10AB5000F5F77CFB0022844610002B00303B092BCC
:10AB600011D81D00AE421DDD531C09D001225242F6
:10AB7000844505D301D1A94211DB01227043281875
:10AB800025780134E9E72B00413B192B01D8373DEB
:10AB9000E8E72B00613B192B04D8573DE2E701227F
:10ABA0005242EDE7531C08D12223039A0298136006
:10ABB000002FB8D0631E019307E0009B002B00D04C
:10ABC0004042002FAFD0002AF4D1019B3B60AAE79E
:10ABD000F1D80008FFFFFF7F10B5FFF773FF10BD2E
:10ABE000F0B58E6885B01F000C000B6802900392D0
:10ABF000BE4230D80C21625E9021C9000A4228D0A2
:10AC0000032021695B1A0193636943430198DD0FB7
:10AC1000ED187B1C1B186D10AB4200D91D005205AE
:10AC200028D529000298FEF7DDFB061E2CD0019ADC
:10AC3000216900F019FAA289184B1A4080231343A6
:10AC4000A381019B2661F61826603E006561ED1A1E
:10AC5000A560BE4200D93E0032000399206800F092
:10AC6000CEF90020A3689B1BA36023689B19236077
:10AC700005B0F0BD2A00029800F0BEFD061EE0D12E
:10AC800021690298FEF738FB0C230120029A40420A
:10AC90001360A28934331343A381E9E77FFBFFFFED
:10ACA000F0B5A1B003901D008B890F0016001B06A4
:10ACB00011D50B69002B0ED14021FEF793FB3860B4
:10ACC0003861002805D10C23039A1360012040420B
:10ACD000CFE040237B61002308AC636120336376BF
:10ACE0001033A376079535002B78002B01D0252B48
:10ACF00048D1AB1B0593B5420BD032003900039805
:10AD0000FFF76EFF013000D1AEE06369059A9B1832
:10AD100063612B78002B00D1A6E001220023524270
:10AD2000626004A9543252186E1C2360E360A36071
:10AD30001370A365544B0522180031780593FDF775
:10AD400056FC751C00281FD12268D30604D5532356
:10AD500004A95B1820211970130704D5532304A9F3
:10AD60005B182B21197033782A2B16D0350000215F
:10AD70000A20E3682A786E1C303A092A50D9002943
:10AD800011D117E00135AFE7059B2268C01A0123F6
:10AD9000834013432E002360CCE7079B191D1B68DB
:10ADA0000791002B01DB0B9304E05B42E36002237D
:10ADB000134323602B782E2B0CD16B782A2B34D1A4
:10ADC000079B02351A1D1B680792002B01DA01232D
:10ADD0005B4209932D4E032230002978FDF707FCD2
:10ADE000002806D04023801B83402268013513438E
:10ADF00023602978062226486E1C2176FDF7F7FB92
:10AE0000002838D0234B002B22D10722079B073381
:10AE10009343083307936369049A9B18636162E75D
:10AE20004343350001219B18A4E700230A201900A1
:10AE3000013563602A786E1C303A092A03D9002B49
:10AE4000C8D00991C6E74143350001238918F1E7CD
:10AE500007AA009221003A000F4B0398FCF740FC30
:10AE60000490049B0133D6D1BB890D985B0600D5B5
:10AE70002CE721B0F0BD07AA009221003A00064B52
:10AE80000398FCF7DBFEEBE7E9D60008EFD60008F5
:10AE9000F3D60008E1760008E1AB0008F7B50C2214
:10AEA0008B5E05000C001A0756D44A68002A02DCA3
:10AEB0000A6C002A4EDDE76A002F4BD0002280206A
:10AEC0002E682A601A004001216A0240034233D0F2
:10AED000626DA3895B0706D56368D21A636B002B8A
:10AEE00001D0236CD21A00232800E76A216AB847F0
:10AEF000A289431C06D129681D2946D8294BCB407D
:10AF0000DB0742D50023636023692360D20405D5A3
:10AF1000431C02D12B68002B00D16065616B2E6051
:10AF2000002917D023004433994202D02800FEF7AD
:10AF3000E3F9002363630DE001232800B847020012
:10AF4000431CC6D12B68002BC3D01D2B01D0162B60
:10AF50001AD12E6000201EE00E69002EFAD00F6874
:10AF60000E60BA1B019200229B0700D14A69A260C1
:10AF7000019B002BEEDDA36A32001F002800019B1D
:10AF8000216AB847002807DCA28940230120134327
:10AF90001BB2A3814042FEBD019B36181B1A0193D0
:10AFA000E6E7C046010040200B6970B505000C00C3
:10AFB000002B02D10025280070BD002804D0036AB0
:10AFC000002B01D1FDF7E2F90C22A35E002BF1D09A
:10AFD000626ED20704D49B0502D4A06DFDF7FDFA82
:10AFE00028002100FFF75AFF636E0500DB07E2D45B
:10AFF000A3899B05DFD4A06DFDF7F0FADBE710B560
:10B00000884202D98B18984208D300239A4207D06D
:10B01000CC5CC4540133F9E78B5C8354013AFBD216
:10B0200010BD30B50500101E0BD00024013A2B5D79
:10B03000085D834204D1944202D00134002BF6D142
:10B04000181A30BD002370B5064D040008002B60AF
:10B05000F9F7B4FE431C03D12B68002B00D023600A
:10B0600070BDC04670090020002310B59A4200D17F
:10B0700010BDCC5CC4540133F8E700000020014946
:10B080007047C0460000F87F7FB514001A00094BD6
:10B0900005001B680E00D868074B002C01D1074B38
:10B0A0001C000749019302942B00009600F0E2FB7C
:10B0B00000F0F0FB3000002002D700083DD7000868
:10B0C0000FD7000870B50B0C150C002B1ED1002DEE
:10B0D0000CD189B294B24C432100FEF783F9051ECE
:10B0E0001BD022000021FDF7F3F916E02B1C0C1CED
:10B0F00089B292B24A439BB2A1B25943140C0C19C3
:10B10000230C07D1240492B21443E5E7002D01D1AA
:10B11000141CEDE70C2300250360280070BD02001D
:10B12000F0B5046985B014324B11160002939C42AD
:10B1300031DD1F260F009B00A500D318374055199D
:10B140000093019731420DD1160019008D4236D877
:10B15000009B0026033B9D4202D3029BE41AA600FB
:10B16000961918E02021019E019F891B009E0391E2
:10B1700002CE9446F940B54216D8009B0026013312
:10B180009D4203D3029BE41AA600043E9619316047
:10B19000002900D00436B11A89100161964201D10C
:10B1A0000023436105B0F0BD3768039B9F400F4308
:10B1B000614680C18C46019B02CED940DBE780C945
:10B1C00080C6C3E70200303A0300092A02D8203BB8
:10B1D000D8B270470200613A052A01D8473BF7E729
:10B1E0001A00413A0020052AF3D8273BF0E7000077
:10B1F000F0B589B007930B680192039006919A1CF1
:10B2000011000132501E00783028F9D0CB1A023BD1
:10B2100005930091FFF7D6FF00231D00029398428B
:10B220001ED10122A6490098FFF7FBFE0700A842A5
:10B2300000D06AE0009B58785C1CFFF7C3FF012335
:10B240000293A8422FD00094009B1878302809D090
:10B25000FFF7B8FF424242410123250002920593C5
:10B26000009C04E0009B01330093EDE7013420785B
:10B27000FFF7A8FF071EF9D1012220009049FFF730
:10B28000D0FE00280DD1002D06D1013425002078F4
:10B29000FFF798FF002802D12D1BAF0003E0013417
:10B2A000F5E7002DF8D12022237826009343502B78
:10B2B0001DD163782B2B2DD02D2B2FD00023661C76
:10B2C00004933078FFF77EFF431EDBB20500182B96
:10B2D0002AD87078FFF776FF431EDBB20136103DA7
:10B2E000182B1DD9049B002B00D06D427F19069BA3
:10B2F0001E60029B002B19D0059B06265A42534123
:10B300005B421E40300009B0F0BD01230027009CC5
:10B310000293C8E700230493A61CD2E70123FAE7AF
:10B320000A235D432D18D4E72600E0E7009B02992D
:10B33000E31A013B072B0ADC0398FEF7E3F8051E2E
:10B3400008D12A00E4215F4B5F48FFF79DFE0131E1
:10B350005B10EFE7030014330293059300231E00F4
:10B360000493009BA34238D3059C029B40C4E41A7B
:10B37000A41030002C61FEF7BDF9019B64011B682D
:10B38000261A00939E4252DDF61A31002800FEF77D
:10B3900058FD041E0FD001241F212000731E1940E8
:10B3A000884001005A110298920012580A4202D0B5
:10B3B000A34234DC022431002800FFF7B0FEBF199D
:10B3C000019B9B68BB4242DA29000398FEF7DEF836
:10B3D00000230E9AA326136094E7013C23782E2BBA
:10B3E00012D0049B202B04D1059B40C3002605935B
:10B3F00004962078FFF7E6FE0F231840049B984040
:10B40000043306430493ACE7009BA342E9D801222E
:10B4100020002B49FFF705FE0028E2D1A1E7280014
:10B42000B11EFEF70EFD0028C4D00324C3E7009B25
:10B4300000249E42C4DA9E1B290032000398FEF7C6
:10B44000C7FA030014330500BF1B0293B8E7019B42
:10B450005E68BE426FDD009BF61BB34236DC019B8B
:10B46000DB68022B24D0032B26D0012B17D1009BA5
:10B47000B34214D1012B0BD1019B079A5B68622662
:10B4800013600123029A2B6113600E9B1D6039E744
:10B49000009928000139FEF7D4FC0028ECD12900DE
:10B4A0000398FEF773F800230E9A5026136029E7DD
:10B4B0000F9B002BF3D1DFE70F9B002BDCD1EEE7D6
:10B4C000E7D600087DD600083ED70008771E002C7E
:10B4D0002FD1002F04D039002800FEF7B2FC040061
:10B4E0001F237A111F401E3BBB4002999200525805
:10B4F0001A4201D002231C43009B31009B1B0226F1
:10B5000028000093FFF70BFE019B5F68002C3FD0E3
:10B51000019BDB68022B10D0032B12D0012B06D12C
:10B52000A20704D5029A126814431C420CD11023BE
:10B530002DE00124D4E70126E8E701230F9A9B1AA6
:10B540000F930F9B002BF2D02B69002002939B00DE
:10B5500004932B00049A143399181A68541C1CD0B5
:10B5600001321A602B001433022E3FD1019A009948
:10B570001268013A8A4209D10A001F2010400122B4
:10B58000824049118900CB5813423DD120231E43EC
:10B590000E9B1D60079B1F60B4E601C39942DCD877
:10B5A000AB68029A9A4218DB696803980131FDF78B
:10B5B000A9FF041E04D1220084211D4B1D48C4E6AE
:10B5C00029002A690C31023292000C30FFF74CFD41
:10B5D00029000398FDF7DAFF25002B695A1C2A6120
:10B5E000012204339B00EB185A60BBE72A690299D9
:10B5F0008A420BDD01212800FFF791FD019B0137F5
:10B600009B68BB4200DADFE60126BFE71F22009CF1
:10B61000009914401142F7D0049A9B18043B186813
:10B62000FEF768F820231B1B9842E3DBECE7C046DB
:10B630007DD600083ED70008082370B520259A1A49
:10B640009200AD1A436804681E00AE40D3403443F4
:10B650000460436004308842F4D370BD30B50368A1
:10B660000C780133002C02D10360012030BD1A7820
:10B670001500413D192D00D820320131A242EFD0F2
:10B680000020F3E7F0B50B688BB0019201995A11D5
:10B6900092008A18029219001F2211400890069108
:10B6A000134202D0029B04330293029B00251F1F0A
:10B6B0003E003C00089B3D601B6807950593039581
:10B6C000059B01330993059B5B780493002B28D0DD
:10B6D0000498FFF777FD002855D1049B202B19D83B
:10B6E000039B079A934212DDB44206D2072D04DC75
:10B6F0002A0031002000FFF79FFF019B08259C4294
:10B7000005D9261F00253400039B35600793099B4C
:10B710000593D5E7049B292B5AD1059B089A023340
:10B720001360039B002B53D0B44206D2072D04DCD8
:10B730002A0031002000FFF77FFF019B9C4236D991
:10B740001A00230002CB02C29F42FBD2029B621C62
:10B75000D91E0423914205D3029B043B1B1B9B086B
:10B7600001339B00019AD318002204C39F42FCD2EC
:10B770003B68002B04D1019B9F4227D101233B60F2
:10B7800005200BB0F0BD039B013501330393082D59
:10B7900006DD019B9C42BAD900230125043C2360AD
:10B7A0000F22236810401B0103432360AFE7069B71
:10B7B000002BDDD02023069A02999B1A01225242C7
:10B7C000DA4004390B6813400B60D1E7043FCFE740
:10B7D0000420D6E782B0002900D101A9101E06D0AE
:10B7E000002B06D013780B601078431E984102B0EE
:10B7F000704702204042FAE7F7B506000C0015003A
:10B80000002905D11100FDF7EDFD04002000FEBD6B
:10B81000002A03D1FDF770FD2C00F7E700F041F896
:10B820000700854202D84308AB42EFD3290030001D
:10B83000FDF7D8FD0190002801D1019CE6E72A0020
:10B84000BD4200D93A0021000198FFF70DFC21000C
:10B850003000FDF751FDF0E70300081E05D0FF2A78
:10B8600004D98A2201201A604042704701200A70E0
:10B87000FBE700000EB417B5054C05AB04CB010087
:10B880002068019300F03CF81EBC08BC03B01847C8
:10B8900030000020062010B500F018FA0120F9F75A
:10B8A0005DFA0B1F1B68181F002B01DA0B58C0181C
:10B8B0007047936810B5013B9360002B04DA9469DC
:10B8C000A34207DB0A2905D01368581C10601970C1
:10B8D000080010BD00F030F90100F9E7F8B50600E6
:10B8E0000F001400D518AC4201D1002007E02178E8
:10B8F0003A003000FFF7DDFF0134431CF3D1F8BDFF
:10B90000F0B5A1B00F0015001E000390002804D070
:10B91000036A002B01D1FCF739FD7B6EDB0705D4F0
:10B92000BB899B0502D4B86DFCF757FEBB891B078A
:10B9300002D53B69002B13D13900039800F03EF982
:10B9400000280DD07B6EDB0703D50120404221B0DB
:10B95000F0BDBB899B05F8D4B86DFCF73FFEF4E75A
:10B96000002308AC6361203363761033A376079617
:10B970002E003378002B01D0252B48D1731B059363
:10B98000AE420BD02A0039000398FFF7A7FF013021
:10B9900000D1AEE06369059A9B1863613378002B90
:10B9A00000D1A6E0012200235242626004A9543271
:10B9B0005218751C2360E360A3601370A365594B94
:10B9C0000522180029780593FCF711FE6E1C00284B
:10B9D0001FD12268D30604D5532304A95B18202164
:10B9E0001970130704D5532304A95B182B21197070
:10B9F0002B782A2B16D02E0000210A20E3683278FB
:10BA0000751C303A092A50D9002911D117E00136A6
:10BA1000AFE7059B2268C01A01238340134335001A
:10BA20002360CCE7079B191D1B680791002B01DBE6
:10BA30000B9304E05B42E3600223134323603378FB
:10BA40002E2B0CD173782A2B34D1079B02361A1D6A
:10BA50001B680792002B01DA01235B420993324DE8
:10BA6000032228003178FCF7C2FD002806D04023CD
:10BA7000401B83402268013613432360317806223D
:10BA80002A48751C2176FCF7B2FD002840D0284BCF
:10BA9000002B22D10722079B0733934308330793D8
:10BAA0006369049A9B18636162E743432E00012196
:10BAB0009B18A4E700230A2019000136636032783E
:10BAC000751C303A092A03D9002BC8D00991C6E762
:10BAD00041432E0001238918F1E707AA00922100B3
:10BAE0003A00144B0398FBF7FBFD0490049B0133D1
:10BAF000D6D17B6EDB0705D4BB899B0502D4B86D1C
:10BB0000FCF76CFDBB895B0600D51EE70D981EE7B0
:10BB100007AA009221003A00064B0398FCF78EF822
:10BB2000E3E7C046E9D60008EFD60008F3D60008E0
:10BB3000E1760008DDB80008F8B506000D00140035
:10BB4000002804D0036A002B01D1FCF71FFCA36975
:10BB5000A360A3891B0702D52369002B09D121000B
:10BB6000300000F02BF8002803D001256D4228009A
:10BB7000F8BD23692068EFB2C01A6369EDB2834251
:10BB800005DC21003000FFF70FFA0028EDD1A36893
:10BB90000130013BA36023685A1C22601F70636957
:10BBA000834204D0A389DB07E1D50A2DDFD1210030
:10BBB0003000FFF7F9F90028D9D0D6E72D4B70B542
:10BBC000050018680C00002804D0036A002B01D17E
:10BBD000FCF7DCFB0C22A35E1A0723D4DA0607D499
:10BBE00009222A60402201201343A38140423AE007
:10BBF0005B0713D5616B002908D0230044339942B9
:10BC000002D02800FDF778FB002363632422A38978
:10BC10009343A38100236360236923600823A289DF
:10BC20001343A3812369002B0BD1A0218022A38978
:10BC3000890092000B40934203D02100280000F0BD
:10BC40008FF80C22A35E01211A000A400B420BD090
:10BC50000022A26062695242A261002022698242EF
:10BC600001D11A06BED470BD990700D46269A260E2
:10BC7000F3E7C0463000002070B504000D001F2916
:10BC800004D9162303600120404270BDC36B002B12
:10BC900004D08A009B181A68002A08D1200000F0FE
:10BCA00031F82A000100200000F01AF8EDE7012A1F
:10BCB00009D0511C03D1162303600120E5E70021C0
:10BCC0002800196090470020DFE7000010B5034B03
:10BCD00001001868FFF7D0FF10BDC04630000020FB
:10BCE000002370B5064D0400080011002B60F9F721
:10BCF0002DF8431C03D12B68002B00D0236070BDAE
:10BD00007009002010B5F9F71FF810BD70B50E00CE
:10BD10001D000E23C95E140096B000290CDAB2890A
:10BD20008023110019401A4214D18023DB00002027
:10BD30002960236016B070BD6A4600F053F80028F1
:10BD4000EDDBF02301991B021940044BC9184B424B
:10BD50005941EAE700214023E9E7C04600E0FFFF40
:10BD6000F0B502268B8905000C0085B0334207D060
:10BD700023004733236023610123636105B0F0BDD5
:10BD800003AB02AAFFF7C2FF029F0190390028000F
:10BD9000FDF728FB002808D10C22A35E9A05EDD4FC
:10BDA000032293431E43A681E2E78023A2892060F9
:10BDB0001343A381039B20616761002B0CD02800F3
:10BDC0000E23E15E00F020F8002805D00323A289AD
:10BDD0009A43023B1343A381A389019A1343A3818E
:10BDE000CCE70000002370B5064D040008001100E8
:10BDF0002B60F8F7D9FF431C03D12B68002B00D030
:10BE0000236070BD70090020002370B5064D04004A
:10BE100008002B60F8F7CEFF431C03D12B68002BE2
:10BE200000D0236070BDC0467009002073B5FF25A7
:10BE3000C30D2B401A007F3A1E2A2CDCC40F162A91
:10BE40000ADD4002420A802000041043963B9840DD
:10BE5000002C22D0404220E0104BA200D658011CFA
:10BE6000301CF4F7FBFC01900198311CF5F710FA37
:10BE70004200031C5008002A0FD0DA0D2A4000208F
:10BE80007F3AE5D480205B025B0A00041843172345
:10BE90009B1AD840DCE7F5F75FFC76BDF4D90008C3
:10BEA000F8B545006E082D0E7F3D0700162D2CDCE1
:10BEB0000400002D15DA1949F4F7D0FC0021F4F73D
:10BEC00019FB00280BD00024A74208DA731E9E41FC
:10BED000FE2374429B051C4080231B06E418201C93
:10BEE0001AE00F4E2E41064216D00C49F4F7B6FC6C
:10BEF0000021F4F7FFFA0028F1D0002F03DA8023A5
:10BF00001B042B41FC18B443E9E7FF23DB059E42E9
:10BF100002D3011CF4F7A2FCF8BDC046CAF2497175
:10BF2000FFFF7F00F8B5C046F8BC08BC9E467047CE
:0CBF3000F8B5C046F8BC08BC9E4670473F
:10BF4000D60D0008020D0008EC0C0008680D000872
:10BF5000EC0C00089C0D0008EC0C0008680D0008B3
:10BF6000020D0008020D00089C0D0008680D000875
:10BF7000D80C0008D80C0008D80C0008A60D000842
:10BF8000020D0008020D0008EC0C0008420E00082B
:10BF9000EC0C00089C0D0008EC0C0008420E000898
:10BFA000020D0008020D00089C0D0008420E00085A
:10BFB000D80C0008D80C0008D80C0008842200080F
:10BFC00042210008202100080C210008202100083F
:10BFD00026220008202100080C2100084221000828
:10BFE00042210008262200080C2100080421000834
:10BFF0000421000804210008482200080000000075
:10C000000000000000000000000000000000000030
:10C010000000000000000000000000000000000020
:10C020000000000C000C000C000C000C000C000CBC
:10C03000000C000C000C000C0000000C000C0000B8
:10C04000000000000000001B001B001B001B001B69
:10C0500000000000000000000000000000000000E0
:10C060000000000000000000000080198019801905
:10C070008019C07FC07F80190033C07FC07F00332C
:10C080000033003300330000000000000000001EF9
:10C09000003F807580650074003C001E000780052D
:10C0A000806580658075003F001E0004000400006C
:10C0B0000000007000D840D8C0D880D900730006B6
:10C0C000000C801BC036C066C046C006800300005E
:10C0D000000000000000001E003F0033003300336A
:10C0E000001E000CC03CC066806380618063C03E5F
:10C0F000801C0000000000000000000C000C000C80
:10C10000000C000C00000000000000000000000017
:10C11000000000000000000000000000800000019E
:10C120000003000600060004000C000C000C000CCC
:10C13000000C000C00040006000600030001800053
:10C14000002000100018000C000C0004000600067F
:10C1500000060006000600060004000C000C001893
:10C16000001000200000000C002D003F001E0033D6
:10C1700000000000000000000000000000000000BF
:10C180000000000000000000000000000000000CA3
:10C19000000C000C000CC0FFC0FF000C000C000CD9
:10C1A000000C000000000000000000000000000083
:10C1B000000000000000000000000000000000007F
:10C1C000000000000000000C000C00040004000847
:10C1D000000000000000000000000000000000005F
:10C1E0000000001E001E0000000000000000000013
:10C1F000000000000000000000000000000000003F
:10C200000000000000000000000000000000000C22
:10C21000000C000000000000000000030003000309
:10C220000006000600060006000C000C000C000CC6
:10C230000018001800180000000000000000001E98
:10C24000003F0033806180618061806D806D80611E
:10C25000806180610033003F001E0000000000008C
:10C2600000000006000E001E003600260006000634
:10C270000006000600060006000600060006000094
:10C28000000000000000001E003F8073806180619C
:10C29000800100030006000C001800300060807F61
:10C2A000807F0000000000000000001C003E0063D2
:10C2B00000630003000E000E000380018001806116
:10C2C0008073003F001E0000000000000000000618
:10C2D000000E000E001E001E00160036003600661E
:10C2E000807F807F0006000600060000000000003E
:10C2F0000000007F007F006000600060006E007F33
:10C3000080638001800180618073003F001E000017
:10C31000000000000000001E003F803380610060CC
:10C32000006E007F80738061806180618033003F98
:10C33000001E0000000000000000807F807F800160
:10C340000003000300060006000C000C000C0008AF
:10C350000018001800180000000000000000001E77
:10C36000003F8063806180610021001E003F80618A
:10C37000806180618061003F001E000000000000BD
:10C380000000001E003F0073806180618061807347
:10C39000803F801D800180610073003F001E00000F
:10C3A0000000000000000000000000000000000C81
:10C3B000000C000000000000000000000000000C65
:10C3C000000C000000000000000000000000000061
:10C3D00000000000000C000C000000000000000045
:10C3E0000000000C000C0004000400080000000025
:10C3F0000000000080008003000E0038006000385C
:10C40000000E80038000000000000000000000001B
:10C4100000000000000000000000807F807F00001E
:10C420000000807F807F000000000000000000000E
:10C43000000000000000000000000000004000704C
:10C44000001C000780010007001C00700040000075
:10C4500000000000000000000000001F803FC071CD
:10C46000C060C000C00180030007000E000C000C7B
:10C470000000000C000C0000000000000000001E86
:10C48000003F803180718063806F806D806D806F30
:10C49000806700600032003E001C000000000000C9
:10C4A0000000000E000E001B001B001B001B803153
:10C4B0008031803F803F8031C060C060C06000003C
:10C4C000000000000000007C007E00630063006349
:10C4D0000063007E007E0063806180618063007F76
:10C4E000007E0000000000000000001E003F8031C0
:10C4F000806100600060006000600060006080613A
:10C500008031003F001E0000000000000000007CA1
:10C51000007F0063806380618061806180618061F1
:10C52000806100630063007E007C0000000000006A
:10C530000000807F807F0060006000600060007FFE
:10C54000007F0060006000600060807F807F0000EE
:10C55000000000000000807F807F006000600060BD
:10C560000060007F007F006000600060006000608D
:10C5700000600000000000000000001E003F80314D
:10C580008061006000600060806380638061806122
:10C590008031803F001E000000000000000080612C
:10C5A00080618061806180618061807F807F806147
:10C5B0008061806180618061806100000000000016
:10C5C0000000003F003F000C000C000C000C000CB1
:10C5D000000C000C000C000C000C003F003F0000A1
:10C5E00000000000000080018001800180018001C6
:10C5F0008001800180018001806180618073003F43
:10C60000001E0000000000000000C06080610063A8
:10C6100000660066006C0078007C006600660063BF
:10C6200080618061C06000000000000000000060C8
:10C6300000600060006000600060006000600060FA
:10C64000006000600060807F807F000000000000CC
:10C650000000C071C071C07BC07AC06AC06AC06E81
:10C66000C064C060C060C060C060C060C0600000E6
:10C6700000000000000080718071807980798079ED
:10C68000806D806D806D8065806780678067806366
:10C6900080630000000000000000001E003F003327
:10C6A0008061806180618061806180618061806182
:10C6B0000033003F001E0000000000000000007E6C
:10C6C000007F80638061806180618063007F007E85
:10C6D000006000600060006000600000000000007A
:10C6E0000000001E003F0033806180618061806136
:10C6F00080618061806580670033803F401E00005C
:10C70000000000000000007E007F80638061806187
:10C710008063007F007E006600630063806180614B
:10C72000C0600000000000000000000E001F80310B
:10C73000803100300038001E000780038061806176
:10C740008031003F001E0000000000000000C0FF1C
:10C75000C0FF000C000C000C000C000C000C000CC6
:10C76000000C000C000C000C000C0000000000008D
:10C770000000806180618061806180618061806192
:10C7800080618061806180618073003F001E0000D5
:10C79000000000000000C060C060C06080318031D7
:10C7A0008031001B001B001B001B000E000E000E42
:10C7B00000040000000000000000C0C0C0C0C0C0F5
:10C7C000C0C0C0C0C0CC804C804C805E80528052C3
:10C7D0008073806180610000000000000000C0C024
:10C7E000806080610033003B001E000C000C001EC6
:10C7F000001F003B80718061C0C00000000000008D
:10C800000000C0C08061806100330033001E001E44
:10C81000000C000C000C000C000C000C000C0000C4
:10C82000000000000000803F803F80010003000303
:10C830000006000C000C0018001800300060807F1B
:10C84000807F000000000000000F000F000C000CB3
:10C85000000C000C000C000C000C000C000C000C78
:10C86000000C000C000C000C000F000F0000001862
:10C8700000180018000C000C000C000C000600064C
:10C880000006000600030003000300000000000093
:10C89000001E001E00060006000600060006000638
:10C8A0000006000600060006000600060006000658
:10C8B000001E001E0000000C000C001E00120033C1
:10C8C0000033806180610000000000000000000073
:10C8D0000000000000000000000000000000000058
:10C8E0000000000000000000000000000000000048
:10C8F0000000000000000000E0FF00000000003821
:10C900000018000C00000000000000000000000003
:10C910000000000000000000000000000000000017
:10C9200000000000000000000000001F803F806148
:10C930008001801F803F80618063807FC03800005D
:10C940000000000000000060006000600060006EF9
:10C95000007F807380618061806180618073007F6F
:10C96000006E000000000000000000000000000059
:10C970000000001E003F80738061006000608061E5
:10C980008073003F001E00000000000000008001D6
:10C99000800180018001801D803F80738061806103
:10C9A000806180618073803F801D00000000000076
:10C9B00000000000000000000000001E003F0073A7
:10C9C0008061807F807F00608071003F001E0000DA
:10C9D000000000000000C007C00F000C000C807FAA
:10C9E000807F000C000C000C000C000C000C000CF4
:10C9F000000C00000000000000000000000000002B
:10CA0000801D803F80738061806180618061807360
:10CA1000803F801D80018063007F003E0000006039
:10CA2000006000600060006F807F807180618061C5
:10CA30008061806180618061806100000000000091
:10CA400000000006000600000000003E003E000658
:10CA500000060006000600060006000600060000AC
:10CA6000000000000006000600000000003E003E3E
:10CA70000006000600060006000600060006000686
:10CA800000060046007E003C000000600060006080
:10CA90000060806100630066006C007C00760063CB
:10CAA00000638061C0600000000000000000003EE4
:10CAB000003E00060006000600060006000600060E
:10CAC0000006000600060006000600000000000048
:10CAD0000000000000000000000080DDC0FFC0CEAC
:10CAE000C0CCC0CCC0CCC0CCC0CCC0CCC0CC000072
:10CAF0000000000000000000000000000000006FC7
:10CB0000807F8071806180618061806180618061EF
:10CB10008061000000000000000000000000000034
:10CB20000000001E003F8073806180618061806131
:10CB30008073003F001E00000000000000000000A5
:10CB400000000000006E007F807380618061806162
:10CB500080618073007F006E006000600060006094
:10CB60000000000000000000801D803F8073806195
:10CB70008061806180618073803F801D80018001C1
:10CB8000800180010000000000000000000000673C
:10CB9000803F00390030003000300030003000307D
:10CBA0000030000000000000000000000000000055
:10CBB0000000001E803F80610060007F803F800198
:10CBC0008061007F001E00000000000000000000E7
:10CBD000000800180018007F007F001800180018D7
:10CBE000001800180018801F800F000000000000CF
:10CBF0000000000000000000000080618061806192
:10CC000080618061806180618063807F803D000001
:10CC10000000000000000000000000000000C060F4
:10CC2000803180318031001B001B001B000E000E84
:10CC300000060000000000000000000000000000EE
:10CC4000000080DD80DD80DD005500550055007757
:10CC50000077002200220000000000000000000019
:10CC6000000000000000806100330033001E000C53
:10CC7000000C001E00330033806100000000000043
:10CC800000000000000000008061806180310033FE
:10CC90000033001B001B001B000E000E000E001CCA
:10CCA000007C007000000000000000000000C07F59
:10CCB000C07F800100030006000C00180030C07F18
:10CCC000C07F00000000000080038007000600060F
:10CCD000000600060006000E001C001C000E0006E8
:10CCE0000006000600060006800780030006000616
:10CCF0000006000600060006000600060006000604
:10CD000000060006000600060006000600060006F3
:10CD10000038003C000C000C000C000C000C000E55
:10CD200000070007000E000C000C000C000C000CAB
:10CD3000003C00380000000000000000000000007F
:10CD400000008038807F00470000000000000000E5
:10CD500000000000000000000000000000000000D3
:10CD600000000000000000000000000000100010A3
:10CD70000010001000100010000000100000000063
:10CD8000002800280028000000000000000000002B
:10CD90000000000000240024007C00240048007CE7
:10CDA00000480048000000000038005400500038DF
:10CDB00000140054005400380010000000200054FB
:10CDC0000058003000280054001400080000000043
:10CDD00000100028002800100034004800480034EB
:10CDE0000000000000100010001000000000000013
:10CDF00000000000000000000008001000200020DB
:10CE0000002000200020002000100008002000105A
:10CE100000080008000800080008000800100020B2
:10CE20000010003800100028000000000000000082
:10CE3000000000000000000000100010007C001046
:10CE400000100000000000000000000000000000D2
:10CE500000000000000000100010001000000000A2
:10CE6000000000000000003800000000000000008A
:10CE700000000000000000000000000000000010A2
:10CE80000000000000080008001000100010001052
:10CE9000002000200000000000380044004400543E
:10CEA000004400440044003800000000001000303E
:10CEB00000500010001000100010001000000000D2
:10CEC0000038004400440004000800100020007CEA
:10CED00000000000003800440004001800040004B2
:10CEE0000044003800000000000800180028002856
:10CEF0000048007C0008000800000000007C0040A2
:10CF000000400078000400040044003800000000E5
:10CF100000380044004000780044004400440038D9
:10CF200000000000007C0004000800100010002039
:10CF300000200020000000000038004400440038B9
:10CF40000044004400440038000000000038004461
:10CF500000440044003C000400440038000000008D
:10CF600000000000001000000000000000000010A1
:10CF700000000000000000000000001000000000A1
:10CF8000000000100010001000000000000C003035
:10CF900000400030000C0000000000000000000015
:10CFA0000000007C0000007C000000000000000089
:10CFB000000000000060001800040018006000007D
:10CFC00000000000003800440004000800100010B9
:10CFD000000000100000000000380044004C005425
:10CFE000005C0040004000380000000000100028F5
:10CFF000002800280028007C0044004400000000B5
:10D000000078004400440078004400440044007864
:10D010000000000000380044004000400040004094
:10D020000044003800000000007000480044004444
:10D03000004400440048007000000000007C0040F4
:10D040000040007C004000400040007C00000000E8
:10D05000007C00400040007800400040004000405C
:10D06000000000000038004400400040005C004424
:10D070000044003800000000004400440044007CEC
:10D080000044004400440044000000000038001048
:10D090000010001000100010001000380000000008
:10D0A00000040004000400040004000400440038EC
:10D0B000000000000044004800500060005000489C
:10D0C00000480044000000000040004000400040D4
:10D0D000004000400040007C000000000044006C64
:10D0E000006C005400440044004400440000000070
:10D0F00000440064006400540054004C004C0044A0
:10D100000000000000380044004400440044004493
:10D11000004400380000000000780044004400444F
:10D12000007800400040004000000000003800444B
:10D13000004400440044004400540038000400004F
:10D14000007800440044004400780048004800444F
:10D1500000000000003800440040003000080004D7
:10D160000044003800000000007C00100010001097
:10D1700000100010001000100000000000440044E7
:10D180000044004400440044004400380000000013
:10D19000004400440044002800280028001000102B
:10D1A0000000000000440044005400540054006C8F
:10D1B000002800280000000000440028002800107B
:10D1C0000010002800280044000000000044004433
:10D1D00000280028001000100010001000000000BF
:10D1E000007C000400080010001000200040007CBB
:10D1F00000000000001800100010001000100010C7
:10D200000010001000100018002000200010001076
:10D21000001000100008000800000000003000109E
:10D22000001000100010001000100010001000305E
:10D23000001000280028004400000000000000004A
:10D2400000000000000000000000000000000000DE
:10D2500000000000000000FE0020001000000000A0
:10D2600000000000000000000000000000000000BE
:10D2700000380044003C0044004C00340000000032
:10D28000004000400058006400440044006400581E
:10D290000000000000000000003800440040004092
:10D2A0000044003800000000000400040034004C7A
:10D2B00000440044004C0034000000000000000066
:10D2C00000380044007C00400044003800000000AA
:10D2D000000C0010007C0010001000100010001066
:10D2E00000000000000000000034004C0044004436
:10D2F000004C0034000400780040004000580064F6
:10D3000000440044004400440000000000100000FD
:10D31000007000100010001000100010000000004D
:10D32000001000000070001000100010001000102D
:10D33000001000E000400040004800500060005035
:10D3400000480044000000000070001000100010B1
:10D35000001000100010001000000000000000008D
:10D3600000780054005400540054005400000000A1
:10D3700000000000005800640044004400440044E1
:10D380000000000000000000003800440044004499
:10D390000044003800000000000000000058006455
:10D3A00000440044006400580040004000000000B9
:10D3B0000034004C00440044004C003400040004DD
:10D3C00000000000005800640040004000400040A1
:10D3D0000000000000000000003800440030000899
:10D3E00000440038000000000020002000780020E9
:10D3F00000200020002000180000000000000000B5
:10D400000044004400440044004C0034000000008C
:10D4100000000000004400440028002800280010FC
:10D420000000000000000000005400540054006C94
:10D430000028002800000000000000000044002830
:10D440000010001000280044000000000000000050
:10D450000044004400280028001000100010006064
:10D4600000000000007C0008001000200040007C4C
:10D470000000000000180010001000100020002024
:10D480000010001000100018001000100010001014
:10D4900000100010001000100010001000300010EC
:10D4A00000100010000800080010001000100030EC
:10D4B0000000000000000074004C000000000000AC
:10D4C0000000000049544331313420456C656374D9
:10D4D000726F6E696373000000000000436F6D702F
:10D4E000657469746F723A33300000005357313AF3
:10D4F00025337320454E315F53573A252D33730042
:10D500005357323A25730000526F746172793A258D
:10D510006400000053797374656D5254433A2532A8
:10D52000643A2532643A25326400000053797374FA
:10D53000656D2053657474696E67733A000000006E
:10D5400042757A7A3A000000427A5F463A0000005B
:10D55000256400006B487A004F4C454400000000F1
:10D560002500000043432E435620442E44444120CE
:10D5700045452E4543000000567365743A0000008F
:10D58000252E32660000000056000000496C696DCF
:10D590003A42422E424241004F75747075743A4FC0
:10D5A000464600004F4E00004F4646000304060862
:10D5B0000C101820300000000000000000000000E7
:10D5C0000102030406070809494E4600696E660019
:10D5D0004E414E006E616E003000303132333435D2
:10D5E00036373839414243444546003031323334CE
:10D5F00035363738396162636465660065256C6469
:10D6000000496E66696E697479004E614E0052453C
:10D61000454E54206D616C6C6F6320737563636558
:10D6200065646564002F6275696C642F676E752D83
:10D63000746F6F6C732D666F722D73746D33325F00
:10D6400031332E332E72656C312E32303234303914
:10D6500032362D313731352F7372632F6E65776C0B
:10D6600069622F6E65776C69622F6C6962632F73D4
:10D6700074646C69622F64746F612E630042616C24
:10D680006C6F6320737563636565646564002F6206
:10D6900075696C642F676E752D746F6F6C732D6672
:10D6A0006F722D73746D33325F31332E332E72658A
:10D6B0006C312E32303234303932362D313731350B
:10D6C0002F7372632F6E65776C69622F6E65776C4E
:10D6D00069622F6C6962632F7374646C69622F6D69
:10D6E000707265632E63002E00232D302B2000689E
:10D6F0006C4C00656667454647004300504F5349F0
:10D7000058002C2066756E6374696F6E3A20006154
:10D710007373657274696F6E2022257322206661AF
:10D72000696C65643A2066696C6520222573222C39
:10D73000206C696E65202564257325730A002F62AD
:10D7400075696C642F676E752D746F6F6C732D66C1
:10D750006F722D73746D33325F31332E332E7265D9
:10D760006C312E32303234303932362D313731355A
:10D770002F7372632F6E65776C69622F6E65776C9D
:10D7800069622F6C6962632F7374646C69622F67BE
:10D7900064746F612D6765746865782E630000009E
:10D7A00005000000190000007D00000000000000DE
:10D7B0000080E03779C34143176E05B5B5B893468D
:10D7C000F5F93FE9034F384D321D30F94877825A59
:10D7D0003CBF737FDD4F1575000000000000F03F77
:10D7E000000000000000244000000000000059403C
:10D7F0000000000000408F40000000000088C3408F
:10D8000000000000006AF8400000000080842E4103
:10D8100000000000D01263410000000084D797414F
:10D820000000000065CDCD41000000205FA0024255
:10D83000000000E876483742000000A2941A6D42CA
:10D84000000040E59C30A2420000901EC4BCD642BD
:10D8500000003426F56B0C430080E03779C3414368
:10D8600000A0D8855734764300C84E676DC1AB43DE
:10D87000003D9160E458E143408CB5781DAF1544FC
:10D8800050EFE2D6E41A4B4492D54D06CFF08044D7
:10D89000F64AE1C7022DB544B49DD9794378EA44EC
:10D8A00034000000CEFBFFFFCB03000001000000AE
:10D8B0000000000035000000CEFBFFFFCB0300009E
:10D8C0000100000000000000BC89D897B2D29C3C47
:10D8D00033A7A8D523F649393DA7F444FD0FA53257
:10D8E0009D978CCF08BA5B25436FAC6428066811FE
:10D8F0000020202020202020202028282828282020
:10D900002020202020202020202020202020202017
:10D91000208810101010101010101010101010107F
:10D92000100404040404040404040410101010106F
:10D930001010414141414141010101010101010139
:10D94000010101010101010101010101101010108B
:10D95000101042424242424202020202020202020B
:10D96000020202020202020202020202101010105F
:10D970002000000000000000000000000000000087
:10D980000000000000000000000000000000000097
:10D990000000000000000000000000000000000087
:10D9A0000000000000000000000000000000000077
:10D9B0000000000000000000000000000000000067
:10D9C0000000000000000000000000000000000057
:10D9D0000000000000000000000000000000000047
:10D9E0000000000000000000000000000000000037
:0CD9F000000000000000004B000000CB15
:08D9FC00C82CFF7F01000000B0
:04DA0400E90000082D
:04DA0800C100000851
:10DA0C000B120000FCBF0008070A000058CD0008EC
:10DA1C00A4D50008A8D500080000200001000000D3
:10DA2C000400000000000000030000003408002087
:10DA3C003400002000000000340800209C08002066
:10DA4C00040900200000000000000000000000009D
:10DA5C0000000000000000000000000000000000BA
:10DA6C0000000000000000000000000000000000AA
:10DA7C00000000000000000000000000000000009A
:10DA8C004300000000000000000000000000000047
:10DA9C00000000000000000000000000000000007A
:10DAAC004300000000000000000000000000000027
:10DABC00000000000000000000000000000000005A
:10DACC004300000000000000000000000000000007
:10DADC00000000000000000000000000000000003A
:10DAEC0043000000000000000000000000000000E7
:10DAFC00000000000000000000000000000000001A
:10DB0C0043000000000000000000000000000000C6
:10DB1C0000000000000000000000000000000000F9
:10DB2C0043000000000000000000000000000000A6
:10DB3C0000000000000000000000000000000000D9
:10DB4C004300000000000000000000000000000086
:10DB5C0000000000000000000000000000000000B9
:10DB6C0059B80008D5B7000800000000F0D800082C
:10DB7C00E7D600083DD700083DD700083DD7000880
:10DB8C003DD700083DD700083DD700083DD7000819
:10DB9C003DD700083DD70008FFFFFFFFFFFFFFFF49
:10DBAC00FFFFFFFFFFFF0000010041534349490005
:10DBBC000000000000000000000000000000000059
:10DBCC0000000000000000000000415343494900E0
:10DBDC000000000000000000000000000000000039
:0CDBEC000000000000000000000000002D
:040000050800531D7F
:00000001FF
